Account for Tree Hole,Tree Hole,Account for Whaling Wall,Whaling Wall,Account for Not Related,Not Related
红烧土豆叶,培养体系,红烧土豆叶,下辈子,,评论区
红烧土豆叶,死,红烧土豆叶,猫,,希望
红烧土豆叶,自杀,红烧土豆叶,圣女果,,祝福
红烧土豆叶,抑郁,红烧土豆叶,走好,,帮忙
红烧土豆叶,熬,红烧土豆叶,舞团,,寻找
红烧土豆叶,考研,红烧土豆叶,师兄,,@杭州网警
红烧土豆叶,读研,红烧土豆叶,温柔,,联系
红烧土豆叶,研三,红烧土豆叶,昔书,,公安
红烧土豆叶,理解,红烧土豆叶,感同身受,,@刘学州a
红烧土豆叶,难过,红烧土豆叶,活着,,@邓飞
红烧土豆叶,论文,鹿道森,离开,,@河北警察
,,鹿道森,玫瑰,,@三亚警察
,,鹿道森,盛开,,封大号
,,鹿道森,刘学州,,韭菜
,,鹿道森,逼,,图片评论
,,鹿道森,绽放,,求转发
,,鹿道森,回来,,@湖北网警巡查执法
,,鹿道森,来世,,@首都网警
,,鹿道森,希望,,图片评论
离灯_冬眠mode关闭失败,没错,离灯_冬眠mode关闭失败,自由,,评论区
离灯_冬眠mode关闭失败,做错,离灯_冬眠mode关闭失败,恭喜,,转发微博
离灯_冬眠mode关闭失败,结婚,离灯_冬眠mode关闭失败,勇敢,,宁波消防纪委科长胡晨欺上瞒下，欺骗糊弄举报人，告知处分了陈彦州隆严重警告并已记入档案，二月已告知可在支队官网查看通报批评，有录音为证！实际至今陈彦州隆并未受到任何处分！
离灯_冬眠mode关闭失败,遗书,离灯_冬眠mode关闭失败,游戏,,。
离灯_冬眠mode关闭失败,逃,离灯_冬眠mode关闭失败,想你,,.
刘学州a,放假,刘学州a,弟弟,,
刘学州a,冬奥会,刘学州a,州州,,
刘学州a,热度,刘学州a,安心,,
刘学州a,新京报,刘学州a,活下去,,
刘学州a,调查,刘学州a,小刘,,
刘学州a,失眠,刘学州a,孩子,,
刘学州a,热搜,刘学州a,真相,,
刘学州a,网暴,刘学州a,宝,,
刘学州a,网爆,刘学州a,宝贝,,
刘学州a,杀人,刘学州a,公道,,
刘学州a,父母,刘学州a,🙏,,
刘学州a,报应,刘学州a,心痛,,
刘学州a,良心,刘学州a,善良,,
刘学州a,严惩,刘学州a,来生,,
,,刘学州a,天使,,
,,刘学州a,想你,,
,,刘学州a,自杀,,
,,刘学州a,想不开,,
,,刘学州a,天堂,,
,,刘学州a,惩罚,,
,,刘学州a,在那边,,
,,刘学州a,小朋友,,
,,刘学州a,州宝,,
,,刘学州a,学州,,
,,刘学州a,小学州,,
,,刘学州a,你,,
,,刘学州a,做傻事,,
醒醒我们回家了-走饭小号,药,醒醒我们回家了-走饭小号,孩子,,
醒醒我们回家了-走饭小号,醒醒,醒醒我们回家了-走饭小号,饭,,
醒醒我们回家了-走饭小号,亲爱的,醒醒我们回家了-走饭小号,走饭,,
醒醒我们回家了-走饭小号,我,醒醒我们回家了-走饭小号,饭饭,,
醒醒我们回家了-走饭小号,下辈子,醒醒我们回家了-走饭小号,,,
头发有点儿杵脖子,高考,头发有点儿杵脖子,风往哪儿吹 我往哪儿去,,
头发有点儿杵脖子,累,头发有点儿杵脖子,猫咪,,
头发有点儿杵脖子,我还活着,头发有点儿杵脖子,快回来,,
,,头发有点儿杵脖子,留下来,,
,,头发有点儿杵脖子,阿杵,,
,,头发有点儿杵脖子,姐姐,,
,,头发有点儿杵脖子,“以后风往哪儿吹，我往哪儿去。”,,
,,头发有点儿杵脖子,祝福你,,
,,头发有点儿杵脖子,回来了,,
,,头发有点儿杵脖子,小杵,,
,,头发有点儿杵脖子,先别走,,
,,头发有点儿杵脖子,快回来吧,,
,,头发有点儿杵脖子,峨眉山,,
,,头发有点儿杵脖子,姐妹,,
,,头发有点儿杵脖子,来看你了,,
旅行的孤独风,抑郁症,旅行的孤独风,风,,
旅行的孤独风,自杀,旅行的孤独风,世界,,
旅行的孤独风,难过,旅行的孤独风,在那边,,
旅行的孤独风,不开心,旅行的孤独风,还好吗,,
旅行的孤独风,,旅行的孤独风,你自由了,,
,,旅行的孤独风,去天堂,,
,,旅行的孤独风,带你,,
玫瑰机关枪,开心,玫瑰机关枪,画画,,
玫瑰机关枪,喜欢,玫瑰机关枪,代代,,
,,玫瑰机关枪,雯雯,,
,,玫瑰机关枪,雯姐,,
,,玫瑰机关枪,代雯,,
,,玫瑰机关枪,代宝,,
,,玫瑰机关枪,姐姐,,
,,玫瑰机关枪,代老师,,
,,玫瑰机关枪,老师,,
,,玫瑰机关枪,玫瑰,,
,,玫瑰机关枪,星星,,
,,玫瑰机关枪,🌹,,
,,玫瑰机关枪,想你,,
,,玫瑰机关枪,生日快乐,,
,,玫瑰机关枪,速写,,
,,玫瑰机关枪,还好吗,,
,,玫瑰机关枪,想起你,,
,,玫瑰机关枪,在那边,,
鸡蛋姬,教资,鸡蛋姬,姐姐,,
鸡蛋姬,网暴,鸡蛋姬,学姐,,
鸡蛋姬,包容,鸡蛋姬,郑同学,,
,,鸡蛋姬,郑灵华,,
,,鸡蛋姬,一路走好,,
,,鸡蛋姬,宝贝,,
,,鸡蛋姬,来世,,
,,鸡蛋姬,天堂,,
,,鸡蛋姬,😭,,
,,鸡蛋姬,天使,,
,,鸡蛋姬,你,,
,,鸡蛋姬,粉头发,,
,,鸡蛋姬,女孩,,
,,鸡蛋姬,🕯️,,
,,鸡蛋姬,在那边,,
,,鸡蛋姬,蛋蛋小姐姐,,
,,鸡蛋姬,🙏,,
,,鸡蛋姬,灵华同学,,
,,鸡蛋姬,对不起,,
,,鸡蛋姬,粉色,,
,,鸡蛋姬,妹妹,,
,,鸡蛋姬,最美,,
,,鸡蛋姬,遗憾,,
,,鸡蛋姬,下辈子,,
,,鸡蛋姬,下一世,,
,,鸡蛋姬,妹子,,
,,鸡蛋姬,抑郁,,
,,鸡蛋姬,抱歉,,
,,鸡蛋姬,乖乖,,
,,鸡蛋姬,没有做错,,
,,鸡蛋姬,走好,,
,,鸡蛋姬,灵华学姐,,
,,鸡蛋姬,宝宝,,
,,鸡蛋姬,安息,,
,,鸡蛋姬,亲爱的,,
,,鸡蛋姬,小郑,,
,,鸡蛋姬,Babe,,
,,鸡蛋姬,漂亮,,
,,鸡蛋姬,美好,,
,,鸡蛋姬,安息,,
,,鸡蛋姬,姑娘,,
,,鸡蛋姬,灵华,,
,,鸡蛋姬,鸡蛋姬,,
,,鸡蛋姬,小姐姐,,
十里清禾w,累,十里清禾w,走好,,
十里清禾w,难过,十里清禾w,妹妹,,
十里清禾w,难受,十里清禾w,欣欣,,
十里清禾w,高三,十里清禾w,女孩,,
十里清禾w,高中,十里清禾w,姐姐,,
十里清禾w,孤独,十里清禾w,宝贝,,
十里清禾w,熬,十里清禾w,姑娘,,
,,十里清禾w,朋友,,
,,十里清禾w,温柔,,
,,十里清禾w,善良,,
,,十里清禾w,美好,,
,,十里清禾w,清禾,,
,,十里清禾w,小熊,,
,,十里清禾w,小熊星,,
,,十里清禾w,早点认识,,
,,十里清禾w,早点,,
,,十里清禾w,高考,,
,,十里清禾w,老师,,
,,十里清禾w,要开心,,
,,十里清禾w,好好的,,
,,十里清禾w,下辈子,,
走饭,厌恶,走饭,饭饭,,
走饭,死,走饭,一路走好,,
走饭,痛苦,走饭,亲爱的,,
走饭,告别,走饭,饭,,
走饭,自杀,走饭,想见你,,
走饭,抑郁,走饭,天堂,,
走饭,意外,走饭,来生,,
走饭,朋友,,,,
走饭,复诊,,,,
走饭,负能量,,,,
走饭,同性恋,,,,
走饭,累,,,,
走饭,讨厌,,,,
走饭,厌倦,,,,
走饭,快乐,,,,
走饭,同类,,,,
走饭,想开,,,,
走饭,可悲,,,,
走饭,遗书,,,,
走饭,die,,,,
走饭,遗传,,,,
走饭,可怜,,,,
走饭,高考,,,,
走饭,上班,,,,
走饭,毕业,,,,
走饭,愧疚,,,,
走饭,人生,,,,
走饭,活着,,,,
走饭,害人,,,,
走饭,害怕,,,,
走饭,未来,,,,
走饭,离开,,,,
走饭,睡,,,,
走饭,崩溃,,,,
走饭,世界,,,,
走饭,开心,,,,
走饭,拖累,,,,
走饭,工作,,,,
走饭,哭,,,,
走饭,恶心,,,,
走饭,焦虑,,,,
走饭,医院,,,,
走饭,解脱,,,,
走饭,原谅,,,,
走饭,恨,,,,
走饭,迷茫,,,,
走饭,笑,,,,
走饭,难过,,,,
走饭,天亮,,,,
走饭,体谅,,,,
走饭,高中,,,,
走饭,药,,,,
走饭,压抑,,,,
走饭,勇气,,,,
走饭,坚持,,,,
走饭,生活,,,,
走饭,熬,,,,
走饭,大学,,,,
走饭,意义,,,,
