User_ID,Cause_of_Death,Last_Post_Time,Comment_Time,Relative_Elapsed_Time,Commenter_Name,Comment,Tree_Hole,Wailing_Wall,Not_Related,Comments_Split
头发有点儿杵脖子,抑郁症/自杀,2020-09-29 19:33:00,2020-09-30 09:25:49,0.0,_OrangeFishE_,是要找的。不是不尊重她的意愿，是往往没人能笃定什么是真正的【意愿】，她的文字里有着温暖的告别和美好的祝愿，说不定内心很深处有着强烈的期待，而感知系统却崩塌了。所以哪怕一点点挽救的可能性都不应该放弃。如果事件是最坏结果那祝她如愿漂亮自由；如果还有希望，希望这希望能撕开她的茧透进光。,Yes,No,No,",找,不是不,尊重,她,意愿,往往,没人,笃定,什么是,真正,【,意愿,】,她,文字里,有着,温暖,告别,美好,祝愿,说不定,内心,深处,有着,强烈,期待,而,感知,系统,崩塌,所以,哪怕,一点点,挽救,可能性,不应该,放弃,如果,事件,最坏,结果,祝,她,如愿,漂亮,自由,如果,还有,希望,希望,希望,撕开,她,茧,透进,光,"
头发有点儿杵脖子,抑郁症/自杀,2020-09-29 19:33:00,2020-09-30 05:18:22,0.0,YANIEIL,最后生还是死，我都祝福你。,No,Yes,No,"最后,生还是死,我,祝福你,"
头发有点儿杵脖子,抑郁症/自杀,2020-09-29 19:33:00,2020-09-29 23:55:18,0.0,最想和马佳一起猜成语,我甚至能体会到“风往哪儿吹，我往哪儿去”的快乐心情，在之前的某个阶段，甚至是现在，我也会时不时的产生这个念头，博主写的那些话就好像世界上一个另一个勇敢的我，做出了我不敢做的事情。但是，我也在想会不会我们坚持一下，再坚持一下，就会度过黎明前的黑暗呢？毕竟这是属于你的独一无二的人生啊,Yes,No,No,"我,甚至,体会到,“,风,往,哪儿,吹,我,往,哪儿去,”,快乐,心情,之前,某个,阶段,甚至,现在,我,时不时,产生,这个,念头,博主,写,那些话,好像,世界,上,一个,另一个,勇敢,我,做出,我,不敢,做,事情,但是,我,想,会不会,我们,坚持,一下,再,坚持,一下,就会,度过,黎明前,黑暗,毕竟,属于,你,独一无二,人生"
头发有点儿杵脖子,抑郁症/自杀,2020-09-29 19:33:00,2020-09-30 01:40:36,0.0,李软意,对不起，我共情了。半夜看到微博哭得不成人形。小姐姐，处在抑郁里的时候，我们就是会很脆弱，会被情绪带着走，我们想摆脱那种痛苦，会觉得自己想通了，会想着一了百了算了。但是我们再坚强一次好不好？再给美丽勇敢的妈妈一个爱的拥抱好不好？,Yes,No,No,"对不起,我,共情,半夜,看到,微博,哭,得,成人,形,小姐姐,处在,抑郁,里,时候,我们,就是,脆弱,被,情绪,带着,走,我们,想,摆脱,那种,痛苦,觉得,自己,想通,想着,一,百,算,但是,我们,再,坚强,一次,好不好,再,美丽,勇敢,妈妈,一个,爱,拥抱,好不好"
头发有点儿杵脖子,抑郁症/自杀,2020-09-29 19:33:00,2020-09-29 23:16:03,0.0,王企鹅只想过平静安逸的生活,我把情况梳理下：我7:40左右发现这条微博，当时立即向深圳警方报警。但警方查到阿杵一个多月前就已经搬走了。她曾对朋友说回辽宁老家，但她朋友后面联系到阿杵妈妈，妈妈并没有见到她。现在查到她最近到过成都，她朋友已经向成都警方报警了。现在距离发布已经四个小时了。,Yes,No,No,"我,把,情况,梳理,下,我,7:40左右,发现,这条,微博,当时,立即,向,深圳,警方,报警,警方,查到,阿杵,一个多月前,已经,搬走,她,曾,对,朋友,说,回,辽宁,老家,她,朋友,后面,联系,阿杵,妈妈,妈妈,并没有,见到,她,现在,查到,她,最近,过,成都,她,朋友,已经,向,成都,警方,报警,现在,距离,发布,已经,四个小时"
头发有点儿杵脖子,抑郁症/自杀,2020-09-29 19:33:00,2020-09-30 13:05:20,0.0,七七今天也睡不醒,希望你可以像我一样好起来 可以吗,No,Yes,No,"希望,你,可以,像,我,一样,好起来,可以吗"
头发有点儿杵脖子,抑郁症/自杀,2020-09-29 19:33:00,2020-09-30 09:08:57,0.0,第三重-无相,再等一等，好吗？,No,Yes,No,"再,等一等,好吗"
头发有点儿杵脖子,抑郁症/自杀,2020-09-29 19:33:00,2020-09-30 01:05:39,0.0,水树清和_,我曾经也写过差不多的话吧，也不知道为什么大家都有这样的共通点：达不到父母的期望、不想给任何人添麻烦、认为自己无足轻重……如果你还有机会看到后续，我想说你会好起来的，你还有下一个阶段。当然如果你没能挺过这个阶段，也祝福你，你安全自由了。,Yes,No,No,"我,曾经,写过,差不多不知道,为什么,大家,这样的,共通点,达,不到,父母,期望,不想,任何人,添麻烦,认为,自己,无足轻重,…,…,如果,你,还有,机会,看到,后续,我,想说,你,好起来,你,还有,下一个,阶段,当然,如果,你,没能,挺过,这个,阶段,祝福你,你,安全,自由"
头发有点儿杵脖子,抑郁症/自杀,2020-09-29 19:33:00,2020-09-30 06:51:56,0.0,篍郆聝炻,在这段微博下停留好久...不知该劝你留下，还是该祝你如愿？那就祝你漂亮吧！不管在哪都要做个漂亮的小姑娘,No,Yes,No,",这段,微博,下,停留,好久,.,.,.,不知,该,劝,你,留下,还是,该,祝,你,如愿,祝,你,漂亮,不管,在哪,做,漂亮,小,姑娘,"
头发有点儿杵脖子,抑郁症/自杀,2020-09-29 19:33:00,2020-09-30 14:17:08,0.0,李三心,留言这么多。估计你也看不到我写的。我不想劝什么，我只想说你妈妈，永远不会再漂漂亮亮的生活了。我爸爸八月猝死了。我和我妈妈都心脏出现了问题，因为伤心。死其实比活着容易。活着的爱你的人。根本不可能轻易释怀。如果不是生病到不可救药，劝大家不要自杀。你活着，就是对爱你的人，负责任。,Yes,No,No,"留言,这么多,估计,你,看不到,我,写,我,不想,劝,什么,我,只,想说,你,妈妈,永远不会,再,漂,漂亮,亮,生活,我爸爸,八月,猝死,我,我妈妈,心脏,出现,问题,因为,伤心,死,其实,比,活着,容易,活着,爱,你,人,根本,不可能,轻易,释怀,如果不是,生病,不可救药,劝,大家,不要,自杀,你,活着,就是,对,爱,你,人,负,责任,"
头发有点儿杵脖子,抑郁症/自杀,2020-09-29 19:33:00,2020-09-29 21:18:57,0.0,后来的后来的我们,朋友们，联系到家里人了，人没有回家，具体位置我们也不知道，求大家帮忙转发一下吧,No,No,Yes,"朋友,们,联系,家里,人,人,没有,回家,具体位置,我们,也不,知道,求,大家,帮忙,转发,一下,"
头发有点儿杵脖子,抑郁症/自杀,2020-09-29 19:33:00,2020-09-30 01:17:13,0.0,得人的愚夫,废话真多,No,No,Yes,"废话,真多"
头发有点儿杵脖子,抑郁症/自杀,2020-09-29 19:33:00,2020-09-30 06:42:34,0.0,大豆丁errr,宝贝，我也是抑郁症的一员，也曾走过痛苦，所以我想你一定也经历了很多别人无法想象的地狱般煎熬的时刻。我们只是天生内心纤细敏感，是老天赐予了我们这样的能力去感受生活。不要苛责自己，你已经很努力很棒了，你战胜的痛苦是很多很多人的无数倍，所以你看你多了不起。,Yes,No,No,"宝贝,我,也是,抑郁症,一员,也曾,走过,痛苦,所以,我,想你,一定,经历了,很多,别人,无法,想象,地狱,般,煎熬,时刻,我们,只是,天生,内心,纤细,敏感,老天,赐予,我们,这样的,能力,感受,生活,不要,苛责,自己,你,已经,努力,很棒,你,战胜,痛苦,很多,很多人,无数倍,所以,你,你,多,了不起"
头发有点儿杵脖子,抑郁症/自杀,2020-09-29 19:33:00,2020-09-29 19:44:51,0.0,王企鹅只想过平静安逸的生活,阿杵你别吓我！！,No,Yes,No,"阿杵,你,别,吓,我,"
头发有点儿杵脖子,抑郁症/自杀,2020-09-29 19:33:00,2020-09-29 23:14:22,0.0,张丁文ZDking,姑娘 别做傻事 如果感到累的话 不努力也是可以的 不要急于强求自己找到隧道的出囗 黑暗中我们一直在你身旁陪着 未来很明亮，还有很多爱你的人都很关心你！,No,Yes,No,"姑娘,别,做傻事,如果,感到,累,努力,也是,可以,不要,急于,强求,自己,找到,隧道,出,囗,黑暗中,我们,一直,你,身旁,陪着,未来,明亮,还有,很多,爱,你,人,关心,你"
头发有点儿杵脖子,抑郁症/自杀,2020-09-29 19:33:00,2020-09-30 22:04:06,1.0,下辈子不做人啦a,这辈子我就想活到30岁 偷偷的死掉 不打扰任何人  然后不要再有下辈子啦,Yes,No,No,"这辈子,我,想,活到,30岁,偷偷,死掉,打扰,任何人, ,然后,不要,再有,下辈子"
头发有点儿杵脖子,抑郁症/自杀,2020-09-29 19:33:00,2020-09-29 23:51:52,0.0,天津武清区泉泉书店,风往哪儿吹，我往哪儿去……写的真好，唉,No,Yes,No,"风,往,哪儿,吹,我,往,哪儿,…,…,写,真好,唉,"
头发有点儿杵脖子,抑郁症/自杀,2020-09-29 19:33:00,2020-09-30 01:51:57,0.0,王云帆今天学习了吗,是你？！！！！？？？我早两天就该发现的，但你每次发wb都漂漂亮亮的啊,No,Yes,No,",你,我,早,两天,就该,发现,你,每次,发,wb,漂,漂亮,亮"
头发有点儿杵脖子,抑郁症/自杀,2020-09-29 19:33:00,2020-09-30 17:11:11,0.0,镶尾,她的文字有温度，有对身边人的感谢，她有对生的渴望，只是她做不到才会选择离开。拜托大家转发她的微博引发关注，一起帮助她，我们还是能挽救一条生命的不是吗？一起找到她好吗？,No,Yes,No,"她,文字,温度,对,身边人,感谢,她,对生,渴望,只是,她,做不到,才会,选择,离开,拜托,大家,转发,她,微博,引发,关注,一起,帮助,她,我们,还是,挽救,一条,生命,不是吗,一起,找到,她,好吗"
头发有点儿杵脖子,抑郁症/自杀,2020-09-29 19:33:00,2020-09-30 19:45:00,1.0,弹弹琴读读书,评论上说应该祝福她解脱什么的，根本不了解什么是抑郁症，重度抑郁症会让个体有很强的自杀倾向，这种倾向往往不是个体真实的想法，而是生病导致的，就比如你身体不舒服，遇到最喜欢吃的也不想吃，并不代表以后你都不喜欢吃。,No,No,Yes,"评论,上,说,应该,祝福,她,解脱,什么,根本,不了解,什么是,抑郁症,重度,抑郁症,个体,很强,自杀,倾向,这种,倾向,往往,不是,个体,真实,想法,而是,生病,导致,比如,你,身体,不舒服,遇到,最,喜欢,吃,也不,想吃,并不,代表,以后,你,喜欢,吃,"
头发有点儿杵脖子,抑郁症/自杀,2020-09-29 19:33:00,2020-09-30 09:39:04,0.0,遇见神龙许你三个愿望,如有来生，下辈子咱俩做个朋友。,No,Yes,No,"如有,来生,下辈子,咱俩,做,朋友,"
头发有点儿杵脖子,抑郁症/自杀,2020-09-29 19:33:00,2020-09-30 02:43:13,0.0,-阿貘,这样温柔和通透的你如果年纪轻轻就变成风，会让这个世界很惋惜。,No,Yes,No,"这样,温柔,通透,你,如果,年纪轻轻,变成,风,这个,世界,惋惜"
头发有点儿杵脖子,抑郁症/自杀,2020-09-29 19:33:00,2020-09-30 22:42:52,1.0,7hzz_,当我想结束时，我的生命与你无关。,Yes,No,No,"当,我,想,结束,时,我,生命,与,你,无关"
头发有点儿杵脖子,抑郁症/自杀,2020-09-29 19:33:00,2020-09-30 22:53:57,1.0,此时一匹无辜村民路过,图片评论,No,No,Yes,图片评论
头发有点儿杵脖子,抑郁症/自杀,2020-09-29 19:33:00,2020-09-30 17:51:56,0.0,Be-my-sanctuary,风往哪儿吹 你往哪儿去 你永远美丽且自由,No,Yes,No,"风,往,哪儿,吹,你,往,哪儿,你,永远,美丽,且,自由,"
头发有点儿杵脖子,抑郁症/自杀,2020-09-29 19:33:00,2020-09-29 23:50:19,0.0,躬耕-GONG,文笔这么好的孩子，这么有爱的孩子，你不应该选择这条路。,No,Yes,No,"文笔,这么,好的,孩子,这么,爱,孩子,你,不应该,选择,这条路,"
头发有点儿杵脖子,抑郁症/自杀,2020-09-29 19:33:00,2020-10-04 10:33:21,4.0,在华北平原奔跑,因为不想麻烦别人留下了这么一封信，字里行间都是对不起别人，对不起妈妈对不起朋友，对不起大家。每逢国耻日都在发微博勿忘国耻，三观这么正的一个女孩为什么就没有被爱过。 连他妈的死都在怕给别人添麻烦，究竟经历了什么，愿这种方式真正使自己得到了解脱，愿下一世被温柔以待被爱包围。,Yes,No,No,"因为,不想,麻烦,别人,留下,这么,一封,信,字里行间,都是,对不起,别人,对不起,妈妈,对不起,朋友,对不起,大家,每逢,国耻日,发,微博,勿忘国耻,三观,这么,正,一个,女孩,为什么,没有,被,爱过,连,他妈的,死,怕,别人,添麻烦,究竟,经历了,什么,愿,这种,方式,真正,使,自己,得到,解脱,愿,下一世,被,温柔,以待,被,爱,包围"
头发有点儿杵脖子,抑郁症/自杀,2020-09-29 19:33:00,2020-10-05 10:25:11,5.0,OK小明同学,我曾经负债百万，至今仍未还完，目前也在深圳工作，我同时也是离异家庭的孩子，每当各种压力集中到一起的时候，我就现在当时租住房的连廊里想过从32楼跳下去，我想了几十次，最勇敢的一次是蹲在了天台边上，但是我还是没能够跳下去，不是没有那种勇气，是我觉得我的人生不止百万。,Yes,No,No,"我,曾经,负债,百万,至今,仍未,完,目前,深圳,工作,我,同时,也是,离异家庭,孩子,每当,各种,压力,集中,一起,时候,我,现在,当时,租,住房,连廊,里,想过,32,楼,跳下去,我,想,几十次,最,勇敢,一次,蹲,天台,边上,但是,我,还是,没能够,跳下去,不是,没有,那种,勇气,我,觉得,我,人生,不止,百万"
头发有点儿杵脖子,抑郁症/自杀,2020-09-29 19:33:00,2020-09-30 00:32:32,0.0,后来的后来的我们,我问下大家，微博定时发送吗？定时发送会不会有显示,No,No,Yes,"我,问,下,大家,微博,定时,发送,定时,发送,会不会,显示,"
头发有点儿杵脖子,抑郁症/自杀,2020-09-29 19:33:00,2020-09-30 00:10:43,0.0,脑子飞天的粉红猪,私心想和你说能不能再停留一下 一下就好 知道你很累了 活着本就是一件会累的事 也想和你说 你一直很漂亮很漂亮很漂亮  知道你想安静的走 也明白你很抱歉麻烦别人 抱歉 自私的打扰你 听说大熊猫超可爱能让人看一天都不累的 你能不能停留一下我们一起去看啊,No,Yes,No,"私心,想,你,说,能不能,再,停留,一下,一下,就好,知道,你,很累,活着,本,就是,一件,累,事,也想,你,说,你,一直,漂亮,漂亮,漂亮, ,知道,你,想,安静,走,明白,你,抱歉,麻烦,别人,抱歉,自私,打扰,你,听说,大熊猫,超可爱,人,一天,不累,你,能不能,停留,一下,我们,一起去"
头发有点儿杵脖子,抑郁症/自杀,2020-09-29 19:33:00,2020-09-30 02:11:46,0.0,想和甜甜的妹妹谈恋爱,她选择离开，或许只是以另一种形式存在着，然而自以为是的人类觉得所有人哪怕再难也要活下去，连自己的生死都决定不了才是最可怜的。,No,Yes,No,"她,选择,离开,或许,只是,以,另一种,形式,存在,然而,自以为是,人类,觉得,所有人,哪怕,再,难,活下去,连,自己,生死,决定,不了,才是,最,可怜"
头发有点儿杵脖子,抑郁症/自杀,2020-09-29 19:33:00,2020-10-03 22:32:49,4.0,小驴小马户,你好啊，我今天刷微博点开好久不看的艾特，发现了你，不知道你现在还能不能看到我的这条评论，如果能回答我的话，就谢谢你听过我的歌看过我的碎碎念，能回来的话，就还继续一直听我的歌好不好啊，我这么渺小，好需要你啊……但如果你现在真的觉得快乐了解脱了，那也是好的，怎么样都祝福你啊。,No,Yes,No,"你好,我,今天,刷,微博,点,开,好久,不看,艾特,发现,你,不知道,你,现在,还能不能,看到,我,这条,评论,如果,回答,我谢谢,你,听过,我,歌,看过,我,碎碎念,回来继续,一直,听,我,歌,好不好,我,这么,渺小,好,需要,你,…,…,如果,你,现在,真的,觉得,快乐,解脱,也是,好的,怎么样,祝福你"
头发有点儿杵脖子,抑郁症/自杀,2020-09-29 19:33:00,2020-10-02 10:08:46,2.0,·Schatten·,唉，让我想起了走饭。,No,Yes,No,"唉,我,想起,走饭,"
头发有点儿杵脖子,抑郁症/自杀,2020-09-29 19:33:00,2020-10-14 12:59:50,14.0,嗷呜一口大屁池,风今天吹向了一只小猫咪，你可以和他做朋友,No,Yes,No,"风,今天,吹,向,一只,小,猫咪,你,可以,他,做,朋友,"
头发有点儿杵脖子,抑郁症/自杀,2020-09-29 19:33:00,2020-09-30 01:30:46,0.0,椰子犯罪,祝福你 再见,No,Yes,No,"祝福你,再见"
头发有点儿杵脖子,抑郁症/自杀,2020-09-29 19:33:00,2020-10-04 15:19:03,4.0,abc甜以待人,我看了她的所有微博 一直看到两三年前 我发现 她渐渐的不快乐了,No,Yes,No,"我,她,所有,微博,一直,看到,两三年前,我,发现,她,渐渐,快乐"
头发有点儿杵脖子,抑郁症/自杀,2020-09-29 19:33:00,2020-09-30 09:35:38,0.0,矜沉,我想了想还是把评论删掉了 我怕别的抑郁症患者看到我的评论以为自杀是正确的 其实不是 我希望各位还是好好治疗TAT 我只是单看微博觉得这个小姐姐真的很痛苦 也希望各位永远充满希望,Yes,No,No,"我,想了想,还是,把,评论,删掉,我,怕,别,抑郁症,患者,看到,我,评论,以为,自杀,正确,其实,不是,我,希望,各位,还是,好好,治疗,TAT,我,只是,单,微博,觉得,这个,小姐姐,真的,痛苦,希望,各位,永远,充满,希望,"
头发有点儿杵脖子,抑郁症/自杀,2020-09-29 19:33:00,2020-09-30 11:26:28,0.0,天地本不全,你若在人间，请留下！你若在天堂，望安好！,No,Yes,No,"你,若,人间,请,留下,你,若,天堂,望,安好,"
头发有点儿杵脖子,抑郁症/自杀,2020-09-29 19:33:00,2020-10-09 12:49:26,9.0,遇见亚里士多德,阿杵，我又来看你了，今天别忘了要快乐呀。,No,Yes,No,"阿杵,我,来看你了,今天,别忘,快乐"
头发有点儿杵脖子,抑郁症/自杀,2020-09-29 19:33:00,2020-10-03 21:05:53,4.0,豆得雯shwan,很想和你说，我曾经也是重度抑郁，自己一个人痛着生小孩，小孩出生后3个月，前夫出轨，没有一分钱的赔偿，带着女儿就离开了，最穷的时候，买不起奶粉，一个人没日没夜的，多少次，在夜里想过自杀，想结束这一切。没人懂，没人知道我的痛，我的难，夜里哭了又哭，没睡过一个好觉。但是我最终都熬过去了,Yes,No,No,"很想,你,说,我,曾经,也是,重度,抑郁,自己,一个人,痛,生小孩,小孩,出生,后,3个月,前夫,出轨,没有,一分钱,赔偿,带着,女儿,离开,最穷,时候,买不起,奶粉,一个人,没日没夜,多少次,夜里,想过,自杀,想,结束,这一切,没人,懂,没人知道,我,痛,我,难,夜里,哭,哭,没睡,过,一个,好,觉,但是,我,最终,熬过去,"
头发有点儿杵脖子,抑郁症/自杀,2020-09-29 19:33:00,2020-10-18 08:30:37,18.0,在华北平原奔跑,我知道很多抑郁症患者每天都到这里来留言来看一看，我希望你们不要在轻言放弃了，我不知道你们经历过什么，因为每个人都无法对别人感同身受。但我请你你们停下来看看这个世界，看看评论里积极友善的留言，请好好爱自己。好好爱这个世界，那么多不如我们的人还在拼命活着。等我考完陪你们玩。,Yes,No,No,"我,知道,很多,抑郁症,患者,每天,这里,留言,来看,一看,我,希望,你们,不要,轻言,放弃,我,知道,你们,经历过,什么,因为,每个人,无法,对,别人,感同身受,我,请,你,你们,停,下来,看看,这个,世界,看看,评论,里,积极,友善,留言,请,好好,爱,自己,好好,爱,这个,世界,那么多,不如,我们,人,还在,拼命,活着,等,我,考,完,陪,你们,玩"
头发有点儿杵脖子,抑郁症/自杀,2020-09-29 19:33:00,2020-10-04 02:39:17,4.0,爱上魔法的麻瓜,“走吧，以后风往哪吹，你往哪儿去。 以后琼珊翠蔓，暗香浮动，虽无一是你，却也无一不是你。”,No,Yes,No,"“,走,以后,风,往,哪,吹,你,往,哪儿,以后,琼珊翠蔓,暗香,浮动,虽无,一,你,无一,不是,你,”"
头发有点儿杵脖子,抑郁症/自杀,2020-09-29 19:33:00,2020-10-14 14:22:04,14.0,宋即安对谢小富说小富即安,今天大连理工研三的一个高材生自杀，才25岁的花样年华，他遗书最后一句还在祝祖国一直繁荣昌盛，你们算是老乡呢，你和他都是很温柔善良的人，这个世界每天活不下去的人太多了，众生皆苦，但还是请大家都努力且振作的陪自己走下去，祝好运,Yes,No,No,"今天,大连理工,研三,一个,高材生,自杀,才,25岁,花样年华,他,遗书,最后一句,还在,祝,祖国,一直,繁荣昌盛,你们,算是,老乡,你,他,都是,温柔,善良,的人,这个,世界,每天,活不下去,人,太多,众生,皆,苦,还是,请,大家,努力,且,振作,陪,自己,走,下去,祝,好运"
头发有点儿杵脖子,抑郁症/自杀,2020-09-29 19:33:00,2020-10-08 01:09:43,8.0,宋小盆,我妈妈也不在了，如果你也走了，去做她的女儿吧，她真的是一个特别好特别好一个人,Yes,No,No,"我妈妈,不在,如果,你,走,做,她,女儿,她,真的,一个,特别好,特别好,一个人"
头发有点儿杵脖子,抑郁症/自杀,2020-09-29 19:33:00,2020-09-30 16:35:42,0.0,Idontwannaloseurlove,一个人不能决定自己的生难道还不能选择死亡吗 尊重别人想要结束自己生命的愿望有这么难吗 觉得不救她良心过不去的那些人底是为了她还是为了你们自己？,Yes,No,No,"一个人,不能,决定,自己,生,难道,不能,选择,死亡,尊重,别人,想要,结束,自己,生命,愿望,这么,难吗,觉得,不救,她,良心,过不去,那些人,底,为了,她,还是,为了,你们自己,"
头发有点儿杵脖子,抑郁症/自杀,2020-09-29 19:33:00,2020-10-06 16:04:26,6.0,木木不放大,刺猬也会有人拥抱的,Yes,No,No,"刺猬,有人,拥抱,"
头发有点儿杵脖子,抑郁症/自杀,2020-09-29 19:33:00,2020-10-12 18:47:08,12.0,丙或甲乙,你说不想留下任何东西在世上 可偏偏留下了温柔,No,Yes,No,"你,说,不想,留下,任何东西,世上,偏偏,留下,温柔,"
头发有点儿杵脖子,抑郁症/自杀,2020-09-29 19:33:00,2020-10-07 02:57:37,7.0,来个炫赫华,你选的地方不错。我大学同学选的是九寨沟，一跃而下，隔天QQ空间发出来的文章跟大家告别。我想我要离开会选雪山，滑着滑着就离开大家。人生本就是一场空空荡荡的梦，我们不知道从哪里来，更不知道要去哪里。,Yes,No,No,"你,选,地方,不错,我,大学,同学,选,九寨沟,一跃而下,隔天,QQ空间,发出来,文章,大家,告别,我,想,我,离开,选,雪山,滑,滑,离开,大家,人生,本,就是,一场,空空荡荡,梦,我们,不知道,哪里,更,不知道,去哪里"
头发有点儿杵脖子,抑郁症/自杀,2020-09-29 19:33:00,2020-10-06 18:36:03,6.0,什锦味阿司匹林,我是一个妈妈，女儿上大三，我好想抱抱你。我有一段常常失眠到后半夜两三点钟。然后看着天一点点亮起来，那种滋味真的很难受，对一切都没有了希望。我想抑郁症一定比我当时更难受。我女儿很乖巧、很懂事，我就靠为了她信念支撑了过来，如果我认识你，我一定好好抱抱你。我们一起在阳光下奔跑。,Yes,No,No,"我,一个妈妈,女儿,上,大三,我,好想,抱抱,你,我,一段,常常,失眠,后半夜,两三点,钟,然后,看着,一点,点亮,起来,那种,滋味,真的,难受,对,一切,没有了,希望,我,想,抑郁症,一定,比,我,当时,更,难受,我女儿,乖巧,懂事,我,靠,为了,她,信念,支撑,过来,如果,我,认识,你,我,一定,好好,抱抱,你,我们,一起,阳光,下,奔跑,"
头发有点儿杵脖子,抑郁症/自杀,2020-09-29 19:33:00,2020-10-08 21:48:53,9.0,不开心胡萝卜,人生是场修行，修的是下辈子不来了。,Yes,No,No,"人生,场,修行,修,下辈子,来了"
头发有点儿杵脖子,抑郁症/自杀,2020-09-29 19:33:00,2020-10-02 23:29:52,3.0,土豆你怎么了啊土豆,看到最后哭了。可是还是好希望你能留下来。现在天气开始冷了，你可以穿上漂亮的风衣，碎花裙子 或者任何你觉得漂亮的衣服，喝暖暖的汤和饮料。桂花还开了 很香很甜。秋天的风很干净 天空也很干净，你留下来，一起看看吧 好不好,No,Yes,No,"看到,最后,哭,可是,还是,好,希望,你,留下来,现在,天气,开始,冷,你,可以,穿上,漂亮,风衣,碎花裙子,或者,任何,你,觉得,漂亮,衣服,喝,暖暖,汤,饮料,桂花,开,很香,很甜,秋天,风,干净,天空,干净,你,留下来,一起,看看,好不好,"
头发有点儿杵脖子,抑郁症/自杀,2020-09-29 19:33:00,2020-10-14 15:32:42,14.0,大喵今天睡醒没,有一个小朋友变成小猫咪了,No,Yes,No,",一个,小朋友,变成,小,猫咪,"
头发有点儿杵脖子,抑郁症/自杀,2020-09-29 19:33:00,2020-09-30 01:38:42,0.0,Platinum-Ao,@Platinum-Ao：抱歉以这样的方式认识你（我看见vx朋友圈有人发到动态…）我挺佩服你的，甚至是羡慕。。。我现在一直在挣扎，想着在最好的年纪试着绽放一次（希望可以吧）恭喜你！你完成了在人间留驻的任务！是时候回天上人间了，希望你离开的时候没有多余的痛苦，我随后就来啦,No,Yes,No,"@,Platinum,-,Ao,抱歉,以,这样的,方式,认识,你,我,看见,vx,朋友,圈,有人,发到,动态,…,我,挺,佩服,你,甚至,羡慕,我,现在,一直,挣扎,想着,最好,年纪,试着,绽放,一次,希望,可以,恭喜,你,你,完成,人间,留驻,任务,时候,回,天上人间,希望,你,离开,时候,没有,多余,痛苦,我,随后,来啦,"
头发有点儿杵脖子,抑郁症/自杀,2020-09-29 19:33:00,2020-10-09 11:00:50,9.0,栋栋来瞅瞅,已经过去10天多了，我想搜救队也不会带来最新消息了。我们活着的人还是期待关于你新的音讯。可是这也打扰了你。有时间我想去峨眉山金顶看看，去看看舍身崖。你随风去了，只能去你最后的落脚地看看了,No,Yes,No,"已经,过去,10天多,我,想,搜救,队,不会,带来,最新消息,我们,活着,人,还是,期待,关于,你,新,音讯,可是,打扰,你,有时间,我,想,峨眉山,金顶,看看,看看,舍身,崖,你,随风,只能,你,最后,落脚地,看看"
头发有点儿杵脖子,抑郁症/自杀,2020-09-29 19:33:00,2020-09-30 08:54:08,0.0,草莓大福少冰三分糖-,自杀是结束痛苦 但凡没有那么痛苦都不会这么想结束 是被拉扯的不舒服感太痛苦了 挣扎的过程太痛苦了 得不到答案看不到希望太痛苦了 生病是一回事 想没想好一回事 这不是冲动的结果 而是想了很多次 终于某个契机做了这件事,Yes,No,No,"自杀,结束,痛苦,但凡,没有,那么,痛苦,不会,这么,想,结束,被,拉扯,不舒服感,痛苦,挣扎,过程,痛苦,得不到,答案,看不到,希望,痛苦,生病,一回事,想,想,好一回事,不是,冲动,结果,而是,想,很多次,终于,某个,契机,做,这件事"
头发有点儿杵脖子,抑郁症/自杀,2020-09-29 19:33:00,2020-09-30 13:08:01,0.0,还望母后恩准,我生日的时候你来祝我生日快乐，你说我们综艺女孩很快乐，你还记得吗？,No,Yes,No,"我,生日,时候,你,祝,我,生日快乐,你,说,我们,综艺,女孩,快乐,你,记得吗,"
头发有点儿杵脖子,抑郁症/自杀,2020-09-29 19:33:00,2021-03-09 02:10:50,160.0,芝麻饭团-,我很想你,No,Yes,No,"我,想你"
头发有点儿杵脖子,抑郁症/自杀,2020-09-29 19:33:00,2020-10-04 07:04:00,4.0,柒茗茗茗,图片评论,No,No,Yes,图片评论
头发有点儿杵脖子,抑郁症/自杀,2020-09-29 19:33:00,2020-10-08 10:22:38,8.0,Dan_TJy,第八天了.还是没有任何消息.你就这样消失.走的那么决绝.深夜里我会在想.你究竟在哪里呢.是拥抱了舍身崖.还是躲在了树洞了求安静呢.下辈子啊.投胎到好人家.做个没心没肺的富家女.妈妈疼爸爸爱的那种.你会的.一定会..🙏,No,Yes,No,"第八天,.,还是,没有,任何,消息,.,你,就这样,消失,.,走,那么,决绝,.,深夜里,我,想,.,你,究竟,在哪里,.,拥抱,舍身崖,.,还是,躲,树洞,求,安静,.,下辈子,.,投胎,好,人家,.,做,没心没肺,富家女,.,妈妈,疼,爸爸,爱,那种,.,你,.,一定,.,.,🙏"
头发有点儿杵脖子,抑郁症/自杀,2020-09-29 19:33:00,2020-09-30 01:47:32,0.0,Htaro_,不要啊小姐姐你快回来好不好 你能看到这条消息的话 快回来呀 马上中秋了 朋友和家人都在等你团聚 大家都很爱你 没有你算什么团圆呢 到了秋天 你要看到满天的黄叶飘飘洒洒 风灌到了你的脖子 因为可爱的你捐掉了自己的长发 它会再长长的 然后你穿着暖暖的衣服 捧着奶茶哈着气 过一个热气腾腾的冬天了！,No,Yes,No,"不要,小姐姐,你,快回来,好不好,你,能看到,这条,消息,快回来,马上,中秋,朋友,家人,等,你,团聚,大家,很爱,你,没有,你,算什么,团圆,秋天,你,看到,满天,黄叶,飘飘洒洒,风,灌,你,脖子,因为,可爱,你,捐掉,自己,长发,它,再,长长,然后,你,穿着,暖暖,衣服,捧着,奶茶,哈着气,过,一个,热气腾腾,冬天,"
头发有点儿杵脖子,抑郁症/自杀,2020-09-29 19:33:00,2020-09-30 01:06:15,0.0,赤鹿森森,被失眠折磨的我刷到了你的微博，感觉有什么在召唤我，你很勇敢，我也想跟你一起…,Yes,No,No,"被,失眠,折磨,我,刷到,你,微博,感觉,有什么,召唤,我,你,勇敢,我,也想,你,一起,…"
头发有点儿杵脖子,抑郁症/自杀,2020-09-29 19:33:00,2020-10-03 20:54:28,4.0,阿鱼的果,阿杵，希望你下辈子，下下辈子，下下下辈子，能一直快乐。,No,Yes,No,"阿杵,希望,你,下辈子,下,下辈子,下,下,下辈子,一直,快乐,"
头发有点儿杵脖子,抑郁症/自杀,2020-09-29 19:33:00,2020-10-14 13:02:03,14.0,夏目璃殇,有只小猫咪来陪你了，希望你不要孤单,No,Yes,No,",只,小,猫咪,陪,你,希望,你,不要,孤单,"
头发有点儿杵脖子,抑郁症/自杀,2020-09-29 19:33:00,2020-09-30 14:13:20,0.0,夏烟染,一个人有选择生也有选择死的权利，别说什么因为是病所以不能做出理智判断，是理智的判断又怎样？就是不想要活着凭什么非要评判她的行为？我完全能够理解博主，因为我也在很多时刻想要这样做，只是还有未竟的愿望。当然我也理解作为朋友家人想要找到她，理解无法见死不救，我就是受不了想替她做决定的人,Yes,No,No,"一个人,选择,生,也有,选择,死,权利,别说,什么,因为,病,所以,不能,做出,理智,判断,理智,判断,怎样,就是,想要,活着,凭什么,非要,评判,她,行为,我,完全,能够,理解,博主,因为,我,很多,时刻,想要,这样做,只是,还有,未竟,愿望,当然,我,理解,作为,朋友,家人,想要,找到,她,理解,无法,见死不救,我,就是,受不了,想,替,她,做决定,人"
头发有点儿杵脖子,抑郁症/自杀,2020-09-29 19:33:00,2020-10-05 01:39:23,5.0,闵Jing-,我不知道我是不是抑郁症，在朋友面前我可以装很开心可以疯，可我一个人特别想死。不想跟人接触，以前难过会想找人说，现在不会了，很多事变得无所谓了，我似乎不再憧憬未来。死又何尝不是一种解脱。怕的想死却又怕死，人不像人鬼不像鬼活着。别人等的事美好未来，我等的是死。人间凑数的，下辈子不再来,Yes,No,No,"我,不知道,我,是不是,抑郁症,朋友,面前,我,可以,装,开心,可以,疯,我,一个人,特别,想死,不想,人,接触,以前,难过,想,找,人,说,现在,不会,很多事,变得,无所谓,我,似乎,不再,憧憬,未来,死,何尝,不是,一种,解脱,怕,想死,怕死,人,不像,人,鬼,不像,鬼,活着,别人,等,事,美好,未来,我,等,死,人间,凑数,下辈子,不再"
头发有点儿杵脖子,抑郁症/自杀,2020-09-29 19:33:00,2020-10-06 07:33:21,6.0,贰的很潇洒,陌生人，又来看你了，希望有一天你突然发了条微博，“害，听说好多人找我”,No,Yes,No,"陌生人,来看你了,希望,有一天,你,突然,发,条,微博,“,害,听说,好多人,找,我,”,"
头发有点儿杵脖子,抑郁症/自杀,2020-09-29 19:33:00,2020-09-30 22:42:51,1.0,活着需要强心脏,其实哈尔滨马上到冰雪世界开门的日子了，来看看吗，清冷的空气真的让人缓解很多。,No,No,Yes,"其实,哈尔滨,马上,冰雪,世界,开门,日子,看看,清冷,空气,真的,人,缓解,很多,"
头发有点儿杵脖子,抑郁症/自杀,2020-09-29 19:33:00,2020-09-30 01:09:11,0.0,别和懂欢喜玩,姐妹，羡慕你可以解脱，我还在挣扎拉扯着，或许现在你重新拥有快乐了吗？那是怎样的感觉呢,Yes,Yes,No,"姐妹,羡慕,你,可以,解脱,我,还在,挣扎,拉扯,或许,现在,你,重新,拥有,快乐怎样,感觉"
头发有点儿杵脖子,抑郁症/自杀,2020-09-29 19:33:00,2020-10-05 22:33:15,6.0,咨询师鄢帅成,她想要的是，仿佛，就没来过。 她说，她是敷衍地来到这个世界，又敷衍地活着。 可能，她也想，用自己骄傲的方式，擦去这个错误的敷衍。 她渴望化身为另一种优雅的存在，风往哪吹，她往哪儿去。 她以这样的方式，与这个她认为不堪的世界和解。,No,Yes,No,"她,想要,仿佛,没来过,她说,她,敷衍,地,来到,这个,世界,敷衍,地,活着,可能,她,也想,用,自己,骄傲,方式,擦去,这个,错误,敷衍,她,渴望,化身,为,另一种,优雅,存在,风,往,哪,吹,她,往,哪儿,她,以,这样的,方式,与,这个,她,认为,不堪,世界,和解,"
头发有点儿杵脖子,抑郁症/自杀,2020-09-29 19:33:00,2020-10-03 20:10:59,4.0,AAA人类快乐批发代理商,你只是选择了我不敢选的选择 我们当然会 祝福生 也要学会祝福死亡 如果人间不可爱的话 不合心意来生就不要来了 祝阿杵 快乐 祝我们大家 所有人 快乐 祝我 撑住 快乐,Yes,Yes,No,"你,只是,选择,我,不敢,选,选择,我们,当然,祝福,生,学会,祝福,死亡,如果,人间,可爱,不合,心意,来生,不要,来了,祝,阿杵,快乐,祝,我们大家,所有人,快乐,祝,我,撑住,快乐,"
头发有点儿杵脖子,抑郁症/自杀,2020-09-29 19:33:00,2020-10-03 15:02:40,3.0,小袁全凭感觉活着,深陷泥潭还担心给亲人朋友添麻烦的人,No,Yes,No,"深陷,泥潭,担心,亲人,朋友,添麻烦,人"
头发有点儿杵脖子,抑郁症/自杀,2020-09-29 19:33:00,2020-10-01 03:00:11,1.0,深海焰火起,今晚的第二次崩溃。回家的这条路对我来说太长太长了。长到我承受不来。 太理解与这个世界毫无关联的感觉了，我也只是一个断了线的风筝。 这世上永远没有感同身受。可是痛 真的好痛。,Yes,No,No,"今晚,第二次,崩溃,回家,这条路,对,我,来说,太长,太长,长,我,承受,理解,与,这个,世界,毫无,关联,感觉,我,只是,一个,断了线,风筝,世上,永远,没有,感同身受,可是,痛,真的好,痛,"
头发有点儿杵脖子,抑郁症/自杀,2020-09-29 19:33:00,2020-09-29 21:05:00,0.0,社恐的我喜欢自说自话,想等你回来 和你一起摇头 企鹅说你不会同意的 这个是在难为你 我们就打了个赌 等你回来 告诉我们 不要让我赌输哦 我小心眼,No,Yes,No,"想,等,你,回来,你,一起,摇头,企鹅,说,你,不会,同意,这个,难为,你,我们,打,赌,等,你,回来,告诉,我们,不要让,我,赌输,我,小心眼"
头发有点儿杵脖子,抑郁症/自杀,2020-09-29 19:33:00,2020-09-29 19:55:54,0.0,经西经,@湖北网警巡查执法 @平安湖北,No,No,Yes,"@湖北网警巡查执法,@,平安,湖北,"
头发有点儿杵脖子,抑郁症/自杀,2020-09-29 19:33:00,2020-10-06 16:01:01,6.0,Wall·E不在太空,希望不要放弃寻找她，请加大人力搜寻，我感觉她不会以跳崖的方式离开，也许她是走进原始森林区域，在迷失中去寻找自我，她也希望自己能走出来，她也在寻找希望，请不要放弃她。,No,Yes,No,"希望,不要放弃,寻找,她,请,加大,人力,搜寻,我,感觉,她,不会,以,跳崖,方式,离开,也许,她,走进,原始森林,区域,迷失,中,寻找,自我,她,希望,自己,走出来,她,寻找,希望,请,不要放弃,她"
头发有点儿杵脖子,抑郁症/自杀,2020-09-29 19:33:00,2020-10-04 10:56:13,4.0,晓猫咪2012,只有患过重度抑郁症的人才能真正读懂阿杵的内心好受。,No,Yes,No,"只有,患,过,重度,抑郁症,人,才能,真正,读懂,阿杵,内心,好受,"
头发有点儿杵脖子,抑郁症/自杀,2020-09-29 19:33:00,2020-09-30 18:00:53,0.0,7memo,“以后风往哪儿吹，我往哪儿去。”,No,Yes,No,“以后风往哪儿吹，我往哪儿去。”
头发有点儿杵脖子,抑郁症/自杀,2020-09-29 19:33:00,2020-10-01 02:15:06,1.0,唐至-,在这个让我处于情绪边缘的夜里 我终于不再忍耐 而是崩溃大哭了,Yes,No,No,",这个,我,处于,情绪,边缘,夜里,我,终于,不再,忍耐,而是,崩溃,大哭"
头发有点儿杵脖子,抑郁症/自杀,2020-09-29 19:33:00,2020-10-08 17:07:31,8.0,杨师傅的小跟班_,阿杵，都那么多天了，应该你也不回来了吧？那我希望你快乐，希望你能感受久违的快乐的风，你乘着风，我伴着月亮，我们世界再见,No,Yes,No,"阿杵,那么多,应该,你,也不,回来了,我,希望,你,快乐,希望,你,感受,久违,快乐,风,你,乘,风,我,伴着,月亮,我们,世界,再见"
头发有点儿杵脖子,抑郁症/自杀,2020-09-29 19:33:00,2020-10-06 22:29:59,7.0,孤舟舟_,哦，抑郁症，我曾经被诊断重度抑郁，医生说“到你这个程度换别人早自杀了，你很坚强。”,Yes,No,No,",抑郁症,我,曾经,被,诊断,重度,抑郁,医生,说,“,你,这个,程度,换,别人,早,自杀,你,坚强,”,"
头发有点儿杵脖子,抑郁症/自杀,2020-09-29 19:33:00,2020-09-30 08:33:23,0.0,0O0OIIl0oO,不知道要不要劝你留下来 好像你已经想得很明白了,No,Yes,No,"不知道,要不要,劝,你,留下来,好像,你,已经,想,得,明白,"
头发有点儿杵脖子,抑郁症/自杀,2020-09-29 19:33:00,2020-10-09 12:18:59,9.0,风车车啊啊啊啊,我觉得你肯定，肯定还在还在这个世上，是的吧？,No,Yes,No,"我,觉得,你,肯定,肯定,还在,还在,这个,世上"
头发有点儿杵脖子,抑郁症/自杀,2020-09-29 19:33:00,2020-10-08 17:32:07,8.0,北北青,希望有奇迹发生，希望微博继续更新🙏🙏🙏,No,Yes,No,"希望,奇迹,发生,希望,微博,继续,更新,🙏🙏🙏"
头发有点儿杵脖子,抑郁症/自杀,2020-09-29 19:33:00,2020-10-04 07:26:06,4.0,慢行渐远,打了很多字也删掉了 只能说一句怎样的结果都祝福你 祝福你自在如风或者重新出发,No,Yes,No,"打,很多,字,删掉,只能,说,一句,怎样,结果,祝福你,祝福你,自在,如风,或者,重新出发,"
头发有点儿杵脖子,抑郁症/自杀,2020-09-29 19:33:00,2020-10-03 23:33:00,4.0,Sugarre_,把你设置成了特别关注，希望还能接收到你的新消息，等一个希望,No,Yes,No,"把,你,设置,成,特别关注,希望,还能,接收,你,新消息,等,一个,希望"
头发有点儿杵脖子,抑郁症/自杀,2020-09-29 19:33:00,2020-10-14 02:29:09,14.0,醒醒我们回家了Depression,我想放下手上的事去峨眉山寻找阿杵姑娘，可是明天我还得上班，这理由多么讽刺又多么真实，真实到无法抗拒,Yes,No,No,"我,想,放下,手上,事,峨眉山,寻找,阿杵,姑娘,可是,明天,我,得,上班,理由,多么,讽刺,多么,真实,真实,无法抗拒,"
头发有点儿杵脖子,抑郁症/自杀,2020-09-29 19:33:00,2020-10-09 07:52:44,9.0,justggoodnight,热度慢慢过去了 很多人都慢慢把你忘了 我一直在关注着 某天你能更新条微博 说你回来了,No,Yes,No,"热度,慢慢过去,很多人,慢慢,把,你,忘了,我,一直,关注,某天,你,更新,条,微博,说,你,回来了"
头发有点儿杵脖子,抑郁症/自杀,2020-09-29 19:33:00,2020-09-29 19:51:45,0.0,经西经,@首都网警,No,No,Yes,@首都网警
头发有点儿杵脖子,抑郁症/自杀,2020-09-29 19:33:00,2020-10-18 19:03:06,18.0,我有大侠范,每天来给你留言，因为我始终觉得你还在，选个安静的全新的环境好好开始你的新生活吧，会好起来的！,No,Yes,No,"每天,你,留言,因为,我,始终,觉得,你,还在,选,安静,全新,环境,好好,开始,你,新,生活,好起来,"
头发有点儿杵脖子,抑郁症/自杀,2020-09-29 19:33:00,2020-10-08 10:28:05,8.0,YOYO爻爻,你已经很勇敢了，只剩下祝福了,Yes,No,No,"你,已经,勇敢,只剩下,祝福,"
头发有点儿杵脖子,抑郁症/自杀,2020-09-29 19:33:00,2020-10-07 17:43:18,7.0,栋栋来瞅瞅,决绝的去了，不留一点余地。自人类出现在地球上，有大约1000亿人来过世间，现在活在当下的有70亿，其余930亿都死过了。所以，她不孤单。,No,Yes,No,"决绝不留,一点,余地,自,人类,出现,地球上,大约,1000亿人,来过,世间,现在,活在当下,70亿,其余,930亿,死,过,所以,她,孤单,"
头发有点儿杵脖子,抑郁症/自杀,2020-09-29 19:33:00,2020-11-02 00:33:47,33.0,无人讲_,小杵 希望你快乐,No,Yes,No,"小杵,希望,你,快乐,"
头发有点儿杵脖子,抑郁症/自杀,2020-09-29 19:33:00,2020-10-06 18:32:54,6.0,一页浪漫,评论区的人你们不要再父母不父母的了你们根本就不懂别人娘不疼爹不爱，在家还天天受伤害的感受。,No,No,Yes,"评论区,人,你们,不要,再,父母,父母,你们,根本,不懂,别人,娘,不疼,爹,不爱,在家,天天,受,伤害,感受"
头发有点儿杵脖子,抑郁症/自杀,2020-09-29 19:33:00,2020-10-03 17:46:03,3.0,收服大嘴怪,我还活着 只不过是具空壳。,Yes,No,No,"我还活着,只不过,具,空壳,"
头发有点儿杵脖子,抑郁症/自杀,2020-09-29 19:33:00,2020-10-06 22:24:47,7.0,ONE半解,抑郁症是一种病，是大脑神经递质出现问题，神经递质有去甲肾上腺素，五羟色胺，多巴安，褪黑素,No,No,Yes,"抑郁症,一种,病,大脑,神经递质,出现问题,神经递质,去甲肾上腺素,五羟色胺,多巴安,褪黑素"
头发有点儿杵脖子,抑郁症/自杀,2020-09-29 19:33:00,2020-10-01 00:12:29,1.0,玖玖要开心_,姐妹 我好羡慕你 我知道我不应该这么说 我尝试自杀两次了 头孢和酒 割腕自杀 可是我好幸运 我都没有死 活着好难 真的好难 别人都在替你惋惜 但我祝福你 终于解脱了 下辈子 一定要好好的 好吗 宝贝 等我 我努力 解脱。,No,Yes,No,"姐妹,我,好,羡慕,你,我,知道,我,不应该,这么,说,我,尝试,自杀,两次,头孢,酒,割腕,自杀,可是,我,好,幸运,我,没有死,活着,好难,真的好,难,别人,替,你,惋惜,我,祝福你,终于,解脱,下辈子,一定要,好好的,好吗,宝贝,等,我,我,努力,解脱"
头发有点儿杵脖子,抑郁症/自杀,2020-09-29 19:33:00,2020-09-30 06:51:06,0.0,有一枚月亮会奔我而来,不知道为什么，就突然想起以前看过的电影《you before me》男主在人生最美好的时候车祸脖子以下都不能动，一度不想活。后来答应父母再多活几个月，后来遇到了女主，就在我以为这会是HE的时候，男主在和父母约定的时间到来的时候还是选择了安乐死。我到现在也说不上来这到底是对还是错。,Yes,No,No,"不知道,为什么,突然想起,以前,看过,电影,you before me,男主,人生,最,美好,时候,车祸,脖子,以下,不能动,一度,不想,活,后来,答应,父母,再,多,活,几个月,后来,遇到,女主,就在,我,以为,HE,时候,男主,父母,约定,时间,到来,时候,还是,选择,安乐死,我,现在,说不上来,到底是对还是错"
头发有点儿杵脖子,抑郁症/自杀,2020-09-29 19:33:00,2020-10-04 14:01:56,4.0,永远闪闪发光亮晶晶,忽然觉得你美好的不属于这个世界    可能正是因为你尝尽了这世间苦    看尽了这世间的黑暗     但却自然想要冲破这黑暗保持内心的澄澈     你活的太明白太善良     你知道什么是对什么是错      你永远在对与错之间拉扯   想要把自己摆在对的位置上     但你最大的错就是为难了自己,No,Yes,No,"忽然,觉得,你,美好,不属于,这个,世界,    可能,正是因为,你,尝尽,世间,苦    ,看尽,世间,黑暗     ,自然,想要,冲破,黑暗,保持,内心,澄澈     ,你,活,明白,善良,     ,你,知道,什么是,对,什么是,错      ,你,永远,对与错,之间,拉扯   ,想要,把,自己,摆,对,位置,上,     但,你,最大,错,就是,为难,自己,"
头发有点儿杵脖子,抑郁症/自杀,2020-09-29 19:33:00,2020-10-25 04:50:23,25.0,陆璐璐陆璐璐,晚安，阿杵。我决定勇敢，面对一切，好好活着，积极活着，争取自己想要的一切。,No,Yes,No,"晚安,阿杵,我,决定,勇敢,面对,一切,好好,活着,积极,活着,争取,自己,想要,一切,"
头发有点儿杵脖子,抑郁症/自杀,2020-09-29 19:33:00,2020-10-07 10:33:50,7.0,_雾柏礼_,评论清醒一点！！她这是在发病情况下说的话！！！经历过！！发病的时候情绪低落说这样的话本身就是不可以当真的！！一定要救她啊！！！！,No,No,Yes,"评论,清醒,一点,她,发病,情况,下,说经历过,发病,时候,情绪低落,说,这样的,本身,就是,不可以,当真,一定要,救,她,"
头发有点儿杵脖子,抑郁症/自杀,2020-09-29 19:33:00,2020-09-29 21:24:23,0.0,社恐的我喜欢自说自话,@四川观察  拜托,No,No,Yes,"@,四川,观察, ,拜托,"
头发有点儿杵脖子,抑郁症/自杀,2020-09-29 19:33:00,2021-09-30 13:51:39,365.0,芝麻饭团-,你喜欢什么样的伴手礼呢,No,No,Yes,"你,喜欢,什么样,伴手礼,"
头发有点儿杵脖子,抑郁症/自杀,2020-09-29 19:33:00,2020-12-27 20:06:40,89.0,夏天的风162162,小杵，说过要把自己抗击抑郁的经验分享出来的。为了你，也为了我也许能帮到的人。想了很久，名字就叫《给小杵的8堂抑郁解脱课》。上次发了第四课——当下，今天该发第五课——打坐，就发在我自己的微博里。,No,Yes,No,"小杵,说过,把,自己,抗击,抑郁,经验分享,出来,为了,你,为了,我,也许,帮,人,想,很久,名字,就叫,小杵,的8堂,抑郁,解脱,课,上次,发,第四,课,—,—,当下,今天,该,发,第五,课,—,—,打坐,发,我自己,微博,里"
头发有点儿杵脖子,抑郁症/自杀,2020-09-29 19:33:00,2020-10-09 20:48:13,10.0,一路上有你9721,姑娘，多少人都还期望你还活着啊....,No,Yes,No,"姑娘,多少人,期望,你,活着,.,.,.,.,"
头发有点儿杵脖子,抑郁症/自杀,2020-09-29 19:33:00,2020-10-04 11:55:07,4.0,致敬最爱的你,我好想看到你会更新一条说:“我回来啦”,No,Yes,No,"我,好想,看到,你,更新,一条,说,:,“,我,回来,”,"
头发有点儿杵脖子,抑郁症/自杀,2020-09-29 19:33:00,2020-09-30 21:13:40,1.0,没有甜辣酱-,姐妹，挺羡慕你的，无论如何，祝你快乐,No,Yes,No,"姐妹,挺,羡慕,你,无论如何,祝,你,快乐"
头发有点儿杵脖子,抑郁症/自杀,2020-09-29 19:33:00,2020-11-03 13:12:35,34.0,sulli201308,阿杵阿杵，终于自由了。,No,Yes,No,"阿杵,阿杵,终于,自由,"
头发有点儿杵脖子,抑郁症/自杀,2020-09-29 19:33:00,2020-10-04 07:31:29,4.0,央阳仰样啊,……你还没练成马甲线呢哦先别走哈,No,Yes,No,"…,…,你,还没,练成,马甲线,先别走"
头发有点儿杵脖子,抑郁症/自杀,2020-09-29 19:33:00,2021-03-05 12:21:09,156.0,依然完美主义,人从出生那天起 就是倒计时死亡的开始 途中觉得有意义就顺其自然到死 觉得没意义可以人为的终结自己的生命 也是一种选择,No,No,Yes,"人,出生,那天,起,就是,倒计时,死亡,开始,途中,觉得,意义,顺其自然,死,觉得,意义,可以,人为,终结,自己,生命,也是,一种,选择"
头发有点儿杵脖子,抑郁症/自杀,2020-09-29 19:33:00,2020-12-31 18:55:22,92.0,程M1,今年最后一次来看你了   我考研结束啦   但是因为大连的疫情封在学校   今晚我们寝室要一起跨年了  应该也是最后一次一起跨年了  阿杵  你也要照顾好自己   过了2020咱俩都要活的很好噢,Yes,Yes,No,"今年,最后一次,来看你了,   ,我,考研,结束,啦   ,但是,因为,大连,疫情,封,学校   ,今晚,我们,寝室,一起,跨年,了  ,应该,也是,最后一次,一起,跨年,了  ,阿杵,  ,你,照顾,好,自己   ,过,2020,咱俩,活,很好,"
头发有点儿杵脖子,抑郁症/自杀,2020-09-29 19:33:00,2020-10-26 16:50:55,26.0,网友小邓,问君此去几时还，来时莫徘徊,No,Yes,No,"问君,此,几时,时,莫,徘徊"
头发有点儿杵脖子,抑郁症/自杀,2020-09-29 19:33:00,2020-10-13 01:27:04,13.0,五行云台风,若有来世，我有机会做爸爸的话，您放心投到我们家，我很喜欢小孩的，我如果有机会当爸爸的话，我肯定是尽责的，我们全家人都很喜欢女孩的，你那么善良，不应如此,Yes,No,No,"若,来世,我,有机会,做,爸爸,您,放心,投,我们家,我,喜欢,小孩,我,如果,有机会,当,爸爸,我,肯定,尽责,我们,全家人,喜欢,女孩,你,那么,善良,不应如此"
头发有点儿杵脖子,抑郁症/自杀,2020-09-29 19:33:00,2020-10-08 15:43:52,8.0,爱折腾的飞机头,阿杵，或许你正在某个角落里疗伤，伤好了，你就出来吧，好不好？大家都关心着你呢！,No,Yes,No,"阿杵,或许,你,正在,某个,角落,里,疗伤,伤,好,你,出来,好不好,大家,关心,你"
头发有点儿杵脖子,抑郁症/自杀,2020-09-29 19:33:00,2020-10-07 11:34:55,7.0,改昵称难于上青天呀,这几天一直在关注阿杵的消息，每次都看得揪心甚至流泪。虽然希望渺茫，但我仍盼望着阿杵能平安归来，漂漂亮亮的让这个世界爱着。,No,Yes,No,"这几天,一直,关注,阿杵,消息,每次,得,揪心,甚至,流泪,虽然,希望,渺茫,我,仍,盼望,阿杵,平安,归来,漂,漂亮,亮,这个,世界,爱着,"
头发有点儿杵脖子,抑郁症/自杀,2020-09-29 19:33:00,2020-10-06 06:10:36,6.0,狐狸历险记1011,睡不着来看看你，希望明天起来上班的时候你已经好好的回来了,No,Yes,No,"睡不着,看看,你,希望,明天,起来,上班,时候,你,已经,好好的,回来了,"
头发有点儿杵脖子,抑郁症/自杀,2020-09-29 19:33:00,2020-10-03 23:08:09,4.0,嗜睡的夏,我看完你的文字，鼻子很酸，你很温暖。我从不知道自己属于什么，我从初中开始，每天一静下来都会想一件事，如果自己是一片云一朵花就好了，虽然很俗气。但今年20岁了，依然每天都会想悄无声息的离开这个令人无法开心预想未来的世界，我想了无数了，自己的出生如果可以选择该多好，那我会选择不曾来过。,No,Yes,No,"我,看完,你,文字,鼻子,很酸,你,温暖,我,从不知道,自己,属于,什么,我,初中,开始,每天,一,静,下来,都会,想,一件,事,如果,自己,一片,云,一朵花,就好,虽然,俗气,今年,20岁,依然,每天,都会,想,悄无声息,离开,这个,令人,无法,开心,预想,未来,世界,我,想,无数,自己,出生,如果,可以,选择,该,多,好,我,选择,不曾,来过"
头发有点儿杵脖子,抑郁症/自杀,2020-09-29 19:33:00,2022-02-14 13:06:00,502.0,芝麻饭团-,我定了去大理的机票，我要办婚礼了，说好给我做伴娘的。,Yes,Yes,No,"我,定了,大理,机票,我,办,婚礼,说好,我,做,伴娘"
头发有点儿杵脖子,抑郁症/自杀,2020-09-29 19:33:00,2020-10-29 21:58:16,30.0,说不出的感觉最抓人,10.20日下午我表弟上山，21日家里人收到他在成都寄回的电话（19日顺丰寄出），开车去峨眉山寻找。我也是这个时候知道阿杵的故事。警察带我们一起上山，找了几天。准备回家的时候，接到通知说，表弟手机定位最后的地址是金顶悬崖下，直至关机。我们都选择相信表弟是把手机扔下去故布疑阵。他只是躲起来,Yes,Yes,No,"10.20日下午,我,表弟,上山,21日,家里,人,收到,他,成都,寄回,电话,19日,顺丰,寄出,开车,峨眉山,寻找,我,也是,这个时候,知道,阿杵,故事,警察,带,我们,一起,上山,找,几天,准备,回家,时候,接到,通知,说,表弟,手机定位,最后,地址,金顶,悬崖,下,直至,关机,我们,选择,相信,表弟,把,手机,扔下去,故布疑阵,他,只是,躲起来,"
头发有点儿杵脖子,抑郁症/自杀,2020-09-29 19:33:00,2020-10-07 19:10:31,7.0,木木De足记,阿杵，如果你看到留言，希望你平安回来，我们做朋友，这世间有很多温暖，你回来吧，好吗,No,Yes,No,"阿杵,如果,你,看到,留言,希望,你,平安,回来,我们,做,朋友,世间,很多,温暖,你,回来,好吗"
头发有点儿杵脖子,抑郁症/自杀,2020-09-29 19:33:00,2020-10-06 11:50:07,6.0,跳动的锅盖,你虽然没有扎根在某处，但也不像你所说的并没有在哪里留下太深刻的痕迹，快回来吧，祖国各地都有关心你的朋友，这都是你留下的痕迹,No,Yes,No,"你,虽然,没有,扎根,某处,也不,像,你,所说,并没有,在哪里,留下,深刻,痕迹,快回来吧,祖国,各地,关心,你,朋友,都是,你,留下,痕迹,"
头发有点儿杵脖子,抑郁症/自杀,2020-09-29 19:33:00,2020-09-30 20:59:42,1.0,不会飘的胖胖远,你们，那些说着不懂别人的痛苦，自杀死亡可以帮她解脱的人，到底谁才是站在道德制高点的那个？甚至还带上了性别攻击，呵呵。你们有没有想过很多挣扎着徘徊在死亡边缘的人看到你们这些摆脱式鼓励会走向什么样的结局吗？你们可以不去帮助别人，但也不至于用这种近乎邪教的方式，漠视生命。,No,No,Yes,"你们,那些,说着,不懂,别人,痛苦,自杀,死亡,可以,帮,她,解脱,人,到底,谁,才是,站,道德,制高点,那个,甚至,带上,性别,攻击,呵呵,你们,有没有,想过,很多,挣扎,徘徊,死亡,边缘,人,看到,你们,这些,摆脱,式,鼓励,走向,什么样,结局,你们,可以,帮助,别人,也不,至于,用,这种,近乎,邪教,方式,漠视,生命"
头发有点儿杵脖子,抑郁症/自杀,2020-09-29 19:33:00,2020-09-29 23:21:53,0.0,昆明高校圈,昆明某高校毕业的学生，紧急扩散寻人！生命第一！,No,No,Yes,"昆明,某,高校,毕业,学生,紧急,扩散,寻人,生命,第一,"
头发有点儿杵脖子,抑郁症/自杀,2020-09-29 19:33:00,2021-04-11 04:47:11,193.0,南方有令秧April,真讨厌别人说 死都不怕还有什么好怕,No,No,Yes,"真,讨厌,别人,说,死,不怕,还有什么,好,怕"
头发有点儿杵脖子,抑郁症/自杀,2020-09-29 19:33:00,2021-03-29 00:11:54,180.0,Petite-李想今年你几岁,宝贝，我考研上岸了，终于等来了这一天，所以生活还是有快乐的事情对不对，祝好,Yes,Yes,No,"宝贝,我,考研,上岸,终于,等,来了,这一天,所以,生活,还是,快乐,事情,对不对,祝好,"
头发有点儿杵脖子,抑郁症/自杀,2020-09-29 19:33:00,2020-09-30 00:25:43,0.0,赵红豆,人还没找到，🙏🙏🙏不要做傻事啊！！！,No,Yes,No,"人,还没,找到,🙏🙏🙏,不要,做傻事,"
头发有点儿杵脖子,抑郁症/自杀,2020-09-29 19:33:00,2020-12-20 17:57:44,81.0,眼泪不争气的从嘴角流下来,在不,No,No,Yes,
头发有点儿杵脖子,抑郁症/自杀,2020-09-29 19:33:00,2020-11-21 01:38:49,52.0,-Y-H-L-,今天为了考研把很不容易找的一份工作给拒了。还剩一个月了，我也不知道能不能考试，不知道如果落榜了会不会很后悔，但是至少做出这个决定的我变得轻松了起来。以后的路还得自己走，愿风能指引我方向。,Yes,No,No,"今天,为了,考研,把,不容易,找,一份,工作,拒,还剩,一个月,我,也不,知道,能不能,考试,不知道,如果,落榜,会不会,后悔,但是,至少,做出,这个,决定,我,变得,轻松,起来,以后,路,得,自己走,愿,风能,指引,我,方向,"
头发有点儿杵脖子,抑郁症/自杀,2020-09-29 19:33:00,2020-10-19 12:54:21,19.0,不吃糖的低血糖患者,中午好，我要试着不来看你了，因为看着大家给你的留言会感同身受，会产生共鸣，这样好像并不好呢，希望大家都好好的，快乐开心的过每一天，如果不行，就努力的活着吧,Yes,No,No,"中午,好,我,试着,来看你了,因为,看着,大家,你,留言,感同身受,产生,共鸣,这样,好像,并,不好,希望,大家,好好的,快乐,开心,过,每一天,如果,不行,努力,活着,"
头发有点儿杵脖子,抑郁症/自杀,2020-09-29 19:33:00,2020-10-06 00:56:25,6.0,袅袅轻舟,希望世间少一些苦难，少一些病痛和绝望的瞬间，遗憾和消沉可以被治愈，活着能感到幸福和温暖。希望人与人之间少一些欺骗，少一些狭隘又自私的野蛮，情感最珍贵的内核不应被亵渎，深情永远值得怀念。希望所有的告别都少一些无奈，多一份体面，心脏停止跳动的时候，爱恨都将终结，灵魂轻盈欢快。,Yes,No,No,"希望,世间,少,一些,苦难,少,一些,病痛,绝望,瞬间,遗憾,消沉,可以,被,治愈,活着,感到,幸福,温暖,希望,人与人之间,少,一些,欺骗,少,一些,狭隘,自私,野蛮,情感,最,珍贵,内核,不应,被,亵渎,深情,永远,值得,怀念,希望,所有,告别,少,一些,无奈,多,一份,体面,心脏,停止,跳动,时候,爱恨,将,终结,灵魂,轻盈,欢快"
头发有点儿杵脖子,抑郁症/自杀,2020-09-29 19:33:00,2021-11-30 17:06:53,426.0,hgmzbyfbzd,啊杵  我刚看到鹿道森的事情   无语凝噎  希望他回来开启彻头彻尾的新生活    如果不能   希望他自此获得浪漫和自由，漂亮啊杵你是风的话，温柔的吹吹他吧,No,Yes,No,",杵  ,我,刚,看到,鹿道森,事情   ,无语,凝噎, ,希望,他,回来,开启,彻头彻尾,新,生活,    ,如果,不能   ,希望,他,自此,获得,浪漫,自由,漂亮,杵,你,风,温柔,吹吹,他"
头发有点儿杵脖子,抑郁症/自杀,2020-09-29 19:33:00,2021-06-27 12:33:15,270.0,YazawaZoe,昨天梦见你了  梦里你回来了  我们哭着笑  笑着哭  总的还是开心的  我想你过得应该不错  我过得也还行  挺好的,No,Yes,No,"昨天,梦见,你,了  ,梦里,你,回来了,  ,我们,哭着,笑  ,笑着,哭  ,总,还是,开心,的  ,我,想你,过,得,应该,不错, ,我,过,得,还行  ,挺好,"
头发有点儿杵脖子,抑郁症/自杀,2020-09-29 19:33:00,2021-01-20 14:02:47,112.0,郊区嫣嫣,我也去了你最后去的地方，太冷啦不过真的很美，希望你在那里一直开开心心,Yes,Yes,No,"我,你,最后,地方,太冷,不过,真的,很美,希望,你,在那里,一直,开,开心,心,"
头发有点儿杵脖子,抑郁症/自杀,2020-09-29 19:33:00,2020-10-17 14:55:39,17.0,每文的小红帽,看新闻说峨眉山下雪了，突然想到了阿杵，于是就来留个言。不管在哪，祝好～,No,Yes,No,"看新闻,说,峨眉山,下雪,突然想到,阿杵,于是,留,言,不管,在哪,祝好,"
头发有点儿杵脖子,抑郁症/自杀,2020-09-29 19:33:00,2020-10-09 13:16:18,9.0,派星星吗,其实也一直不知道活着的意义，现在还活在这个世界上唯一的理由就是对父母的责任吧，等哪一天我还清了，希望自己也可以轻轻松松的去,Yes,No,No,"其实,一直,不知道,活着,意义,现在,活,这个,世界,上,唯一,理由,就是,对,父母,责任,等,哪一天,我,还清,希望,自己,也可以,轻轻松松"
头发有点儿杵脖子,抑郁症/自杀,2020-09-29 19:33:00,2020-10-06 08:23:54,6.0,咨询师鄢帅成,正常人无法理解被深陷情绪捆绑者，那是一片无边无际，深不见底的沼泽地，越挣扎越下陷，岸上的人则会对你大喊大叫、视而不见，甚至还会责怨你为何不快点上来。更有甚者，沼泽地里的人，出于善良，还会接过岸上的人抛过来的情绪包袱，加速自己的下沉。那是一种随着时间流淌而生长的绝望。,Yes,No,No,"正常人,无法,理解,被,深陷,情绪,捆绑者,一片,无边无际,深不见底,沼泽地,越,挣扎,越,下陷,岸上,人,则,对,你,大喊大叫,视而不见,甚至,还会,责怨,你,为何不,快点,上来,更有甚者,沼泽地,里,人,出于,善良,还会,接过,岸上,人,抛,过来,情绪包袱,加速,自己,下沉,一种,随着,时间,流淌,而,生长,绝望"
头发有点儿杵脖子,抑郁症/自杀,2020-09-29 19:33:00,2020-10-04 13:31:16,4.0,Cannnnnl,就像她说的:在某处努力生活着的每一个你，都要开心啊！ 泪目,No,Yes,No,"就像,她说,:,某处,努力,生,活着,每一个,你,要开心,泪目"
头发有点儿杵脖子,抑郁症/自杀,2020-09-29 19:33:00,2020-10-03 22:43:23,4.0,每天都困饿累,姐姐，要活着啊！世界还是很美好的，你可以碰到一个双向奔赴的男孩，有一个厮守一生的爱情。可以有自己可爱漂亮的宝宝。陪她慢慢长大。可以去世界的角角落落逛逛，看看自然风光，看看人间烟火。可以尝遍美食，像重庆火锅冒菜串串，江浙糕点，海鲜大餐，广州早茶……,No,Yes,No,"姐姐,活着,世界,还是,美好,你,可以,碰到,一个,双向,奔赴,男孩,一个,厮守,一生,爱情,可以,自己,可爱,漂亮,宝宝,陪,她,慢慢,长大,可以,世界,角,角,落落,逛逛,看看,自然风光,看看,人间烟火,可以,尝遍,美食,像,重庆火锅,冒菜,串串,江浙,糕点,海鲜,大餐,广州,早茶,…,…"
头发有点儿杵脖子,抑郁症/自杀,2020-09-29 19:33:00,2020-09-30 01:07:36,0.0,谁不是在路上呢,希望你活着。没有难事，值得你放弃生命。还有许多没有体验过的事，值得你去感受。生命可以更有光亮，更有色彩一些。死且不怕，为什么不活着去创造一些不同呢？,No,Yes,No,"希望,你,活着,没有,难事,值得,你,放弃,生命,还有,许多,没有,体验,过,事,值得,你,感受,生命,可以,更有,光亮,更有,色彩,一些,死且不怕,为什么不,活着,创造,一些,不同"
头发有点儿杵脖子,抑郁症/自杀,2020-09-29 19:33:00,2020-09-29 21:07:40,0.0,赵红豆,🙏🙏🙏身边认识的朋友，赶紧联系警方和家人！！！,No,No,Yes,"🙏🙏🙏,身边,认识,朋友,赶紧,联系,警方,家人"
头发有点儿杵脖子,抑郁症/自杀,2020-09-29 19:33:00,2020-09-29 20:57:07,0.0,赵红豆,有认识的朋友吗，电话赶紧打过去，报警！不知道住哪里！有认识的朋友吗！！！！！,No,No,Yes,",认识,朋友,电话,赶紧,打,过去,报警,不知道,住,哪里,认识,朋友,"
头发有点儿杵脖子,抑郁症/自杀,2020-09-29 19:33:00,2022-05-14 00:46:42,591.0,茉莉花那个Molly,有些人想死，但他还活着。有些人想活着，但他快死了。于是大家只好半死不活的的存在着。,Yes,No,No,"有些人,想死,他,活着,有些人,想,活着,他,快,死了,于是,大家,只好,半死不活,存在,"
头发有点儿杵脖子,抑郁症/自杀,2020-09-29 19:33:00,2022-02-07 03:49:47,495.0,Soken丶,我研究生好像能顺利毕业了！！中国女足亚洲第一了！！！,Yes,No,No,"我,研究生,好像,顺利,毕业,中国女足,亚洲,第一"
头发有点儿杵脖子,抑郁症/自杀,2020-09-29 19:33:00,2021-02-19 14:20:44,142.0,我说等不到也不愿将就,阿杵，峨眉山金顶今天大雾呀，找不见你呀,No,Yes,No,"阿杵,峨眉山,金顶,今天,大雾,找不见,你"
头发有点儿杵脖子,抑郁症/自杀,2020-09-29 19:33:00,2020-11-05 22:40:12,37.0,Dcghguinov,怎么会这么难受，我开始恐惧社交，变得自闭，不想说话，竟然越来越不害怕死亡了,Yes,No,No,"怎么,这么,难受,我,开始,恐惧,社交,变得,自闭,不想,说话,竟然,越来越,害怕,死亡,"
头发有点儿杵脖子,抑郁症/自杀,2020-09-29 19:33:00,2020-10-21 17:06:16,21.0,像风走了十万八千里_,阿杵啊，好开心，最好的朋友创业迈出了一大步，真的为他开心。这是最近来最开心的一件事，他说因为我的鼓励他坚持了下来。但其实也因为有他，我可以把我所有的不开心说出来，他能感同身受到我的难过，他会找各种方式帮我对抗抑郁症。不知道说给谁，想和你一起分享呀。他说，人生很美好，要充满期待。,Yes,No,No,"阿杵,好,开心,最好的,朋友,创业,迈出,一大步,真的,为,他,开心,最近,最,开心,一件,事,他,说,因为,我,鼓励,他,坚持,下来,其实,因为,他,我,可以,把,我,所有,不开心,说出来,他,感同身受,我,难过,他,找,各种,方式,帮,我,对抗,抑郁症,不知道,说,谁,想,你,一起,分享,他,说,人生,美好,充满,期待,"
头发有点儿杵脖子,抑郁症/自杀,2020-09-29 19:33:00,2020-10-08 05:02:18,8.0,醒久會困吧,我看了很久你的微博 好难过 在交错的时空里成为了你的追随者 真的好希望你能平平安安地回来,No,Yes,No,"我,很久,你,微博,好,难过,交错,时空,里,成为,你,追随者,真的好,希望,你,平平安安,地,回来,"
头发有点儿杵脖子,抑郁症/自杀,2020-09-29 19:33:00,2020-10-06 16:53:57,6.0,Baby婷唲,最美好的猜测：这女孩子是9月29日下午3点上的金顶，下午5点左右从金顶下山，晚上7点左右到达雷洞坪的农家乐住宿，晚上7点33分发了这个微博？这女孩是否住在农家乐里啊？,No,Yes,No,"最,美好,猜测,女,孩子,9月29日下午3点,上,金顶,下午5点,左右,金顶,下山,晚上7点,左右,到达,雷洞坪,农家乐,住宿,晚上7点33分,发,这个,微博,女孩,是否,住在,农家乐,里,"
头发有点儿杵脖子,抑郁症/自杀,2020-09-29 19:33:00,2020-10-04 19:16:50,4.0,寻找失去的逝水年华,跟你有相同经历的人劝你再等等，后来找了老公，对我特别特别好，我就跟我爸断了关系，让他再也不能以任何名义伤害我，我跟我爸那边的所有亲戚单方面也断了关系，现在我什么都有了，过的特别好，所有关系也都恢复了。不要死，不要死，当年我妈去世的时候，我想死好多回，咬牙死扛过来的，真的。,Yes,No,No,",你,相同,经历,人,劝,你,再,等等,后来,找,老公,对,我,特别,特别好,我,我爸,断了,关系,他,再也,不能,以,任何,名义,伤害,我,我,我爸,那边,所有,亲戚,单方面,断了,关系,现在,我,什么,有了,过,特别好,所有,关系,恢复,不要死,不要死,当年,我妈,去世,时候,我,想死,好多,回,咬牙,死,扛过来,真的"
头发有点儿杵脖子,抑郁症/自杀,2020-09-29 19:33:00,2020-10-04 14:20:28,4.0,心语话歌,女孩决定里只字不提父亲，父亲应该是悲剧的元凶！,No,No,Yes,"女孩,决定,里,只字不提,父亲,父亲,应该是,悲剧,元凶"
头发有点儿杵脖子,抑郁症/自杀,2020-09-29 19:33:00,2020-10-04 00:29:18,4.0,XZQ你回家了我在等你呢GLX,“以后风往哪儿吹 我往哪儿去 ”如果事件是最坏结果那祝她如愿漂亮自由……,No,Yes,No,"“,以后,风,往,哪儿,吹,我,往,哪儿,”,如果,事件,最坏,结果,祝,她,如愿,漂亮,自由,…,…"
头发有点儿杵脖子,抑郁症/自杀,2020-09-29 19:33:00,2021-03-23 09:40:35,174.0,要快乐的舒克,今年考不上的话，就再也没有意义了,Yes,No,No,"今年,考不上再也,没有,意义"
头发有点儿杵脖子,抑郁症/自杀,2020-09-29 19:33:00,2021-02-05 00:55:47,128.0,歐百信,第一百三十天。,No,No,Yes,第一百三十天
头发有点儿杵脖子,抑郁症/自杀,2020-09-29 19:33:00,2021-01-15 14:04:31,107.0,王云帆今天学习了吗,好累啊兄弟,Yes,No,No,"好累,兄弟"
头发有点儿杵脖子,抑郁症/自杀,2020-09-29 19:33:00,2020-11-22 22:22:03,54.0,夏天的风162162,小杵，你现在哪呢，还好吧？天冷了，你要暖暖的啊，因为你的文字都很暖，你就是温暖的代言人。你是这世界的孩子，世界和这世上所有善良的人，都会永远把你捧在手心，呵护你，包容你，娇惯你，爱你，护你，永远！,No,Yes,No,"小杵,你,现在,哪呢,还好,天冷,你,暖暖,因为,你,文字,很暖,你,就是,温暖,代言人,你,世界,孩子,世界,世上,所有,善良,的人,都会,永远,把,你,捧,手心,呵护,你,包容,你,娇惯,你,爱,你,护,你,永远,"
头发有点儿杵脖子,抑郁症/自杀,2020-09-29 19:33:00,2020-10-26 06:43:50,26.0,绿蚂蚁新醅酒,一个月即将过去，阿杵，你随风儿飘到何处了？,No,Yes,No,"一个月,即将,过去,阿杵,你,随风,儿,飘,何处"
头发有点儿杵脖子,抑郁症/自杀,2020-09-29 19:33:00,2020-10-08 19:23:32,8.0,大脸青啊啊,十天了，你应该不会回来了吧~那就祝你开心吧~会一直记得你呢~我也是跟你 同岁呢~以后，每逢秋风吹起，就会想起美丽的阿杵。9.29，终于，如你所愿了。,Yes,Yes,No,"十天,你,应该,不会,回来了祝,你,开心,一直,记得,你,我,也是,你,同岁,以后,每逢,秋风,吹起,就会,想起,美丽,阿杵,9.29,终于,你,所,愿"
头发有点儿杵脖子,抑郁症/自杀,2020-09-29 19:33:00,2020-10-07 21:15:41,8.0,Baby婷唲,补充：刚查到，峨眉山可以步行下山，从金顶下山到雷洞坪要2小时，雷洞坪有很多农家乐；到太子坪有2、3个小时，太子坪可能也有农家乐。啊？？？这女孩是否住在农家乐里啊？啊？啊？你可要安全无恙啊，千万不要让世界上这么多关心、爱护、珍惜你的人失望啊！给我们一个反转，好吗？,No,Yes,No,"补充,刚,查到,峨眉山,可以,步行,下山,金顶,下山,雷洞坪,2小时,雷洞坪,很多,农家乐,太子坪,2,3个小时,太子坪,可能,也有,农家乐女孩,是否,住在,农家乐,里你,安全无恙,千万不要,世界,上,这么多,关心,爱护,珍惜,你,人,失望,我们,一个,反转,好吗,"
头发有点儿杵脖子,抑郁症/自杀,2020-09-29 19:33:00,2020-10-07 00:39:14,7.0,乔十斤_,希望找到她以后，大家能够把那些揣测的评论都删掉，只留下开导和安慰的。我想这位姐姐应当不想自己的人生被大家反复揣摩分析吧。（仅为个人意见,No,No,Yes,"希望,找到,她,以后,大家,能够,把,那些,揣测,评论,删掉,只,留下,开导,安慰,我,想,这位,姐姐,应当,不想,自己,人生,被,大家,反复,揣摩,分析,仅,为,个人意见"
头发有点儿杵脖子,抑郁症/自杀,2020-09-29 19:33:00,2020-10-02 23:24:49,3.0,眼泪不争气的从嘴角流下来,@午后狂睡  @中国元 @主播囧事 来帮忙啊,No,No,Yes,"@,午后,狂睡, ,@,中国,元,@,主播,囧事,帮忙,"
头发有点儿杵脖子,抑郁症/自杀,2020-09-29 19:33:00,2021-07-13 22:46:07,287.0,王云帆今天学习了吗,我来看你啦胖友！我继续活下来了,Yes,No,No,"我,来看,你,胖友,我,继续,活下来"
头发有点儿杵脖子,抑郁症/自杀,2020-09-29 19:33:00,2021-03-23 01:00:22,174.0,咦被发现了呢,祝，还在这里留言的各位朋友能感受快乐感受爱，大家万事胜意，好好活着。,No,No,Yes,"祝,还在,这里,留言,各位,朋友,感受,快乐,感受,爱,大家,万事胜意,好好,活着"
头发有点儿杵脖子,抑郁症/自杀,2020-09-29 19:33:00,2021-03-08 22:01:09,160.0,还望母后恩准,你回来了吗,No,Yes,No,"你,回来了"
头发有点儿杵脖子,抑郁症/自杀,2020-09-29 19:33:00,2021-03-02 13:10:24,153.0,眼泪不争气的从嘴角流下来,在不,No,Yes,No,
头发有点儿杵脖子,抑郁症/自杀,2020-09-29 19:33:00,2021-01-15 14:08:41,107.0,王云帆今天学习了吗,不想说自己又受了多少委屈，反正我都可以全盘收下，但是好累啊。,Yes,No,No,"不想说,自己,受,多少,委屈,反正,我,可以,全盘,收下,但是,好累"
头发有点儿杵脖子,抑郁症/自杀,2020-09-29 19:33:00,2020-12-10 17:56:53,71.0,PrinceDay-11,不得不承认，是生活中那些看起来让人疲惫，充满压力，却隐藏着未知的目标让我坚持勇敢地走下去，哪怕眼下失望横尸遍野，仍然想着下一个可能性。后面两个重要考试，代十亿加油。,Yes,No,No,"不得不,承认,生活,中,那些,看起来,人,疲惫,充满,压力,隐藏,未知,目标,我,坚持,勇敢,地,走,下去,哪怕,眼下,失望,横尸遍野,仍然,想着,下一个,可能性,后面,两个,重要,考试,代,十亿,加油,"
头发有点儿杵脖子,抑郁症/自杀,2020-09-29 19:33:00,2020-12-01 23:24:45,63.0,王云帆今天学习了吗,谢谢你，这一次我想要努力去活着试试，用力去感受世界，用力去活着试试，谢谢你啊暴力少女。,Yes,Yes,No,"谢谢,你,这一次,我,想要,努力,活着,试试,用力,感受,世界,用力,活着,试试,谢谢,你,暴力,少女"
头发有点儿杵脖子,抑郁症/自杀,2020-09-29 19:33:00,2020-11-01 02:12:29,32.0,弦断谁人听雨声,今天周六，我们营地发了一瓶芬达，我真的超级开心，你知道嘛阿杵姐姐，喝完这瓶芬达就意味着这周又过去了，我离回家的日期更近了（居然可以发图，太好了，给你看看老外的芬达，听说吃甜的会让人开心，你在那边记得多吃甜的哦，不要怕长胖，肉长在我身上）,Yes,No,No,"今天周六,我们,营地,发,一瓶,芬达,我,真的,超级,开心,你,知道,阿杵,姐姐,喝完,瓶,芬达,意味着,这周,过去,我,离,回家,日期,更近,居然,可以,发图,太好了,你,看看,老外,芬达,听说,吃,甜,人,开心,你,在那边,记得,多吃,甜,不要怕,长胖,肉,长,我,身上,"
头发有点儿杵脖子,抑郁症/自杀,2020-09-29 19:33:00,2020-10-05 17:38:12,5.0,酱萝卜之夜_,作为抑郁症患者，可以切身的体会到发病时难受到要死掉的绝望，平日里的带死不活，非常痛恨自己，没有办法爱这个世界，想别人嘴一张一闭要热爱生活，这个决定不知道怎么说，熬过了是幸运，熬不过是幸福吧,Yes,No,No,"作为,抑郁症,患者,可以,切身,体会到,发病,时,难受,死掉,绝望,平日,里,带死不活,非常,痛恨,自己,没有办法,爱,这个,世界,想,别人,嘴,一张,一,闭,热爱,生活,这个,决定,不知道,怎么,说,熬过,幸运,熬,不过,幸福,"
头发有点儿杵脖子,抑郁症/自杀,2020-09-29 19:33:00,2020-10-03 21:08:57,4.0,爱吃脆桃_,很难过 想起了之前的我   可能这条消息大家看不到  但我想说的是  在你最最痛苦的时候  尽量别放弃自己  活着就有重生的希望  遵从医嘱 离开痛苦的环境  别对自己要求太高  其实有可能痊愈的  因为我就是例子  我想让大家通过我能看到点希望,Yes,No,No,",难过,想起,之前,我   ,可能,这条,消息,大家,看不到  ,我,想说,是  ,你,最最,痛苦,时候  ,尽量,别,放弃,自己  ,活着,重生,希望,  ,遵从,医嘱,离开,痛苦,环境, ,别,对,自己,要求,太高  ,其实,有可能,痊愈,的  ,因为,我,就是,例子  ,我,想,大家,通过,我,能看到,点,希望"
头发有点儿杵脖子,抑郁症/自杀,2020-09-29 19:33:00,2021-12-01 14:56:57,427.0,五花和肥牛,看了关于鹿道森的消息，想起了你。一年多了。你在哪，会回来的吧。只要你没被找到。就坚信你在世界的某个角落开心快乐的活着。,No,Yes,No,",关于,鹿道森,消息,想起,你,一年多,你,在哪,回来,只要,你,被,找到,坚信,你,世界,某个,角落,开心,快乐,活着,"
头发有点儿杵脖子,抑郁症/自杀,2020-09-29 19:33:00,2020-10-17 09:07:12,17.0,f班可爱,我来看看你，我很孤单呢，杵儿,No,Yes,No,"我,看看,你,我,孤单,杵儿"
头发有点儿杵脖子,抑郁症/自杀,2020-09-29 19:33:00,2020-10-08 17:15:41,8.0,我不听你瞎掰,每天都会搜索相关信息看看你回来了吗，好些天了，还是没有你的消息，看来你是真的不想回来了，没关系呢，不管你往哪去，我都祝福你,No,Yes,No,"每天,都会,搜索,相关,信息,看看,你,回来了,好些天,还是,没有,你,消息,看来,你,真的,不想,回来了,没关系,不管,你,往,哪,我,祝福你,"
头发有点儿杵脖子,抑郁症/自杀,2020-09-29 19:33:00,2020-09-30 15:01:28,0.0,是卡罗呀,是自己想要的就好，你很棒了,No,Yes,No,",自己,想要,就好,你,很棒,"
头发有点儿杵脖子,抑郁症/自杀,2020-09-29 19:33:00,2020-09-30 15:00:22,0.0,下个世紀再遇見,你已经想到这一步可想而知你的世界有太多不如意 可能是你写的太温柔太清醒了 “不愿”挽留你 真很希望有下辈子 你就在下辈子好好生活 无忧无虑  很遗憾以这种方式认识你 不管最后如何 祝福你永远快乐,No,Yes,No,"你,已经,想到,这一步,可想而知,你,世界,太多,不如意,可能,你,写,温柔,清醒,“,不愿,”,挽留,你,真,希望,下辈子,你,就在,下辈子,好好,生活,无忧无虑, ,遗憾,以,这种,方式,认识,你,不管,最后,如何,祝福你,永远,快乐"
头发有点儿杵脖子,抑郁症/自杀,2020-09-29 19:33:00,2022-08-10 17:51:33,679.0,我爱你亲爱的姑娘_,阿杵，递补上岸了。终于，我成为了想成为的人。,Yes,No,No,"阿杵,递补,上岸,终于,我,成为,想,成为,人,"
头发有点儿杵脖子,抑郁症/自杀,2020-09-29 19:33:00,2022-02-24 22:46:28,513.0,奶茶味的陈学冬,杵 恭喜我吧  结束了十年寄人篱下的生活 24岁 我独居了 房子是租的 一个人住真的什么都不用害怕 不用担心…点外卖不用偷偷摸摸的  买了零食不用分享…厕所可以挂满自己的衣服 不用及时拿走… 不会有人说你的房间乱 不会有人进你房间不敲门…  好多好多舒服的事情  不用在伺候照顾别人,Yes,No,No,"杵,恭喜,我,吧  ,结束,十年,寄人篱下,生活,24岁,我,独居,房子,租,一个人,住,真的,什么,不用,害怕,不用,担心,…,点外卖,不用,偷偷摸摸, ,买,零食,不用,分享,…,厕所,可以,挂满,自己,衣服,不用,及时,拿走,…,不会,有人,说,你,房间,乱,不会,有人,进,你,房间,敲门,…, ,好多好多,舒服,事情  ,不用,伺候,照顾,别人,"
头发有点儿杵脖子,抑郁症/自杀,2020-09-29 19:33:00,2022-02-05 21:14:16,494.0,爱知介护001,有小伙伴吗,No,No,Yes,",小伙伴"
头发有点儿杵脖子,抑郁症/自杀,2020-09-29 19:33:00,2020-12-25 01:03:47,86.0,No-sweet,姐姐 圣诞快乐🎄 🎄🎄🎄🎄🎄🎄🎄🎄🎄🎄 明天就要考研啦～祝我一切顺利叭～晚安💤,Yes,Yes,No,"姐姐,圣诞,快乐,🎄,🎄🎄🎄🎄🎄🎄🎄🎄🎄🎄,明天,就要,考研,祝,我,一切顺利,叭,晚安,💤"
头发有点儿杵脖子,抑郁症/自杀,2020-09-29 19:33:00,2020-10-28 11:10:22,28.0,原味豆浆一分糖,希望评论里的朋友，每天都开心一点儿，实在想不开就混混日子，什么都不要想，反正一天很快就过去了，一个月也就过去了，一年也就过去了，一辈子也就过去了,Yes,No,No,"希望,评论,里,朋友,每天,开心,一点儿,实在,想不开,混混,日子,什么,不要想,反正,一天,很快,过去,一个月,过去,一年,过去,一辈子,过去"
头发有点儿杵脖子,抑郁症/自杀,2020-09-29 19:33:00,2020-10-19 11:36:30,19.0,孤云野鹤自由身丶,虽杳无音讯，仍希望快乐,No,Yes,No,"虽,杳无音讯,仍,希望,快乐,"
头发有点儿杵脖子,抑郁症/自杀,2020-09-29 19:33:00,2020-10-16 19:13:16,16.0,简桉桉桉,阿杵阿杵 听说今天的峨眉山下雪啦 我也好久没看到雪啦,No,Yes,No,"阿杵,阿杵,听说,今天,峨眉山,下雪,我,也好,久,没看到,雪,"
头发有点儿杵脖子,抑郁症/自杀,2020-09-29 19:33:00,2020-10-14 04:02:17,14.0,大脸青啊啊,阿杵，今晚喝了好多好多酒，可能只是生活有点不尽如人意而已。但是，聊天聊着聊着还是会说到你。从此，有风的世界里你一定是那儿最美丽的天使,Yes,Yes,No,"阿杵,今晚,喝了,好多好多,酒,可能,只是,生活,有点,不尽如人意,而已,但是,聊天,聊着,聊着,还是,说到,你,从此,有风,世界,里,你,一定,那儿,最美,丽,天使,"
头发有点儿杵脖子,抑郁症/自杀,2020-09-29 19:33:00,2020-10-19 20:47:47,20.0,袅袅轻舟,祝你快乐，别像我这样疲惫地活着。,No,Yes,No,"祝,你,快乐,别,像,我,这样,疲惫,地,活着"
头发有点儿杵脖子,抑郁症/自杀,2020-09-29 19:33:00,2020-10-10 05:48:11,10.0,与风月同在,有没有峨眉山附近的居民看到这个新闻帮忙上山的山林寻找这个这么好小姐姐？？,No,No,Yes,"有没有,峨眉山,附近,居民,看到,这个,新闻,帮忙,上山,山林,寻找,这个,这么,好,小姐姐"
头发有点儿杵脖子,抑郁症/自杀,2020-09-29 19:33:00,2020-10-08 09:32:41,8.0,爱折腾的飞机头,小姐姐，希望你还能看到我给你的评论，既然你有一颗无处安放的心，何不选择扎根在某一个地方呢！抛开世俗的繁华，选择一个安静，朴素的小镇或者村庄，终会在那里生根发芽的。生命是美好的，你也是美好的。多么期望能够得到你的回复,No,Yes,No,"小姐姐,希望,你,还能,看到,我,你,评论,既然,你,一颗,无处,安放,心,何不,选择,扎根,某一个,地方,抛开,世俗,繁华,选择,一个,安静,朴素,小镇,或者,村庄,终,在那里,生根发芽,生命,美好,你,也是,美好,多么,期望,能够,得到,你,回复"
头发有点儿杵脖子,抑郁症/自杀,2020-09-29 19:33:00,2020-10-07 11:27:51,7.0,富蕴堂华,好死不如烂活着，美女想开点儿，希望你活生生的归来。,No,Yes,No,"好,死,不如,烂,活着,美女,想开,点,儿,希望,你,活生生,归来,"
头发有点儿杵脖子,抑郁症/自杀,2020-09-29 19:33:00,2020-10-06 18:14:11,6.0,迦点棠,多希望你能发条微博说“我好了，我回来了”,No,Yes,No,"多,希望,你,发条,微博,说,“,我,好,我,回来了,”,"
头发有点儿杵脖子,抑郁症/自杀,2020-09-29 19:33:00,2020-10-06 05:43:39,6.0,MOJIDEXIAOMO,还是希望你在某个角落，或是躲起来了，或是想安静一段时间，然后再出来…搜寻了第三天，后面就没有报道了，你知道从哪个地方离开，后面就是尸骨无存，腐烂，被各种动物啃食，荒尸遍野，最后成了一堆无人认领的白骨，这样真的并不好…,No,Yes,No,"还是,希望,你,某个,角落,或是,躲起来,或是,想,安静,一段时间,然后,再,出来,…,搜寻,第三天,后面,没有,报道,你,知道,哪个,地方,离开,后面,就是,尸骨无存,腐烂,被,各种,动物,啃食,荒尸遍野,最后,成,一堆,无人,认领,白骨,这样,真的,并,不好,…,"
头发有点儿杵脖子,抑郁症/自杀,2020-09-29 19:33:00,2020-10-06 05:05:44,6.0,动了心的铁憨憨,希望奇迹出现在你的身上,No,Yes,No,"希望,奇迹,出现,你,身上,"
头发有点儿杵脖子,抑郁症/自杀,2020-09-29 19:33:00,2020-10-03 21:11:06,4.0,阴井盖儿,最近苏州的桂花开了 留下来闻闻花香吧,No,Yes,No,"最近,苏州,桂花,开,留下来,闻闻,花香"
头发有点儿杵脖子,抑郁症/自杀,2020-09-29 19:33:00,2022-03-18 14:08:00,534.0,-Somniloquy,阿杵，我还是很难适应这个社会,Yes,No,No,"阿杵,我,还是,很难,适应,这个,社会,"
头发有点儿杵脖子,抑郁症/自杀,2020-09-29 19:33:00,2021-11-28 13:59:58,424.0,芦苇兀兀,阿杵，我请假来看花花的演唱会了，花花的歌里说每个人都是孤独的，但孤独的人是可以互相治愈的，火火们都很温暖，我真的被治愈了。只要离开了那个痛苦的环境，我又复活了，我也可以成为一个内心有温度、能温暖别人的人。但我也知道，这个温暖是会冷却的。就让我在这沸腾的人海里，多吸收一点热量吧,Yes,No,No,"阿杵,我,请假,来看,花花,演唱会,花花,歌,里,说,每个人,都是,孤独,孤独,人,可以,互相,治愈,火火们,温暖,我,真的,被,治愈,只要,离开,那个,痛苦,环境,我,复活,我,也可以,成为,一个,内心,温度,温暖,别人,人,我,知道,这个,温暖,冷却,就让,我,沸腾,人海,里,多,吸收,一点,热量,"
头发有点儿杵脖子,抑郁症/自杀,2020-09-29 19:33:00,2021-02-03 19:36:50,127.0,琪琪子爱睡觉,立春了 又是新的开始了,Yes,No,No,"立春,新的开始,"
头发有点儿杵脖子,抑郁症/自杀,2020-09-29 19:33:00,2020-10-23 23:53:05,24.0,12300NIMA82611,姐姐 今天过得怎么样 我有一个愿望哦 就是希望近期可以知道你的消息 无论你是生是死我都会祝你幸福,No,Yes,No,"姐姐,今天,过,得,怎么样,我,一个,愿望,就是,希望,近期,可以,知道,你,消息,无论,你,是生是死,我,都会,祝,你,幸福,"
头发有点儿杵脖子,抑郁症/自杀,2020-09-29 19:33:00,2020-10-11 12:02:31,11.0,sulli201308,阿杵，我在十岁的时候因为原生家庭也不快乐了，直到去年十七岁撑不住查出抑郁症，我知道你很痛苦，我也能体会这种逃不出深渊的感觉，我们再等等好不好？总会有救赎的，相信我。,Yes,No,No,"阿杵,我,十岁,时候,因为,原生家庭,也不,快乐,直到,去年,十七岁,撑不住,查出,抑郁症,我,知道,你,痛苦,我,体会,这种,逃不出,深渊,感觉,我们,再,等等,好不好,总会,救赎,相信,我,"
头发有点儿杵脖子,抑郁症/自杀,2020-09-29 19:33:00,2020-10-09 03:05:04,9.0,鱼生相,我从知道你发这篇遗📖一直在关注 刚开始希望你说说而已 后来希望你快被找到 生要见人的那种 再后来 我也想消失的时候 便希望你不要被找到 我能感受到社会秩序的维持和你的被找到是多么格格不入。对这个世界的太多期望后 杳无音讯是最好的结局吧（仅是个人情绪表述 夜深了有点心里话 ）,No,Yes,No,"我,知道,你,发,这篇,遗📖,一直,关注,刚开始,希望,你,说说,而已,后来,希望,你,快,被,找到,生,见人,那种,再,后来,我,也想,消失,时候,便,希望,你,不要,被,找到,我,感受到,社会秩序,维持,你,被,找到,多么,格格不入,对,这个,世界,太多,期望,后,杳无音讯,最好,结局,仅,个人,情绪,表述,夜深,有点,心里话,"
头发有点儿杵脖子,抑郁症/自杀,2020-09-29 19:33:00,2020-10-06 18:36:18,6.0,非布司他-,姐姐，真心的希望你还活着,No,Yes,No,"姐姐,真心,希望,你,活着,"
头发有点儿杵脖子,抑郁症/自杀,2020-09-29 19:33:00,2020-10-06 18:18:46,6.0,耳朵别在裤腰上,今年中秋挺冷的，月饼还是香甜的，不知道你吃的什么味的,No,Yes,No,"今年中秋,挺冷,月饼,还是,香甜,不知道,你,吃,什么,味,"
头发有点儿杵脖子,抑郁症/自杀,2020-09-29 19:33:00,2020-10-06 16:40:47,6.0,Baby婷唲,五、自报案后，至现在，能打通手机吗？在她发完微博后，很可能就故意关闭了手机，避免警方寻找她，说明：她意识正常，尚未出现颅内出血导致的昏迷，一般颅内出血，要昏迷好几天，而不是四小时后就能苏醒的；如果跳崖引起重伤，一百米至七百米的高度，很难苏醒过来，因为：跳楼的话，二十米就能致命；,No,No,Yes,"五,自,报案,后,至,现在,打通,手机,她,发,完,微博,后,很可能,故意,关闭,手机,避免,警方,寻找,她,说明,她,意识,正常,尚未,出现,颅内出血,导致,昏迷,一般,颅内出血,昏迷,好几天,而,不是,四小时后,就能,苏醒,如果,跳崖,引起,重伤,一百米至七百米,高度,很难,苏醒过来,因为,跳楼,二十米,就能,致命"
头发有点儿杵脖子,抑郁症/自杀,2020-09-29 19:33:00,2020-10-06 14:08:16,6.0,少年瓦特之烦恼,如果你能回来，得过且过的活着也没什么不好。如果你回不来了，祝你随风过得逍遥。,No,Yes,No,"如果,你,回来,得过且过,活着,没什么,不好,如果,你,回不来,祝,你,随风,过,得,逍遥,"
头发有点儿杵脖子,抑郁症/自杀,2020-09-29 19:33:00,2020-10-05 18:37:02,5.0,淡淡清秋节,怎长不叫上我做伴,Yes,No,No,"怎,长,叫,上,我,做伴,"
头发有点儿杵脖子,抑郁症/自杀,2020-09-29 19:33:00,2020-09-30 22:15:42,1.0,Nicole萍萍,其实有时候很佩服抑郁症的人，因为她们当中很大一部分人是真的很努力想要挽救自己。而我们许多人这一生都会想要离开世界的瞬间。以前不理解不怕死的人为什么那么怕活着，也许对他们来说活着的每一天才是煎熬。无论此刻你在哪，都希望你能平安，内心得到真正的宁静。,Yes,No,No,"其实,有时候,佩服,抑郁症,人,因为,她们,当中,很大,一部分,人,真的,努力,想要,挽救,自己,而,我们,许多人,这一生,都会,想要,离开,世界,瞬间,以前,理解,不怕死,人,为什么,那么,怕,活着,也许,对,他们,来说,活着,每一天,才是,煎熬,无论,此刻,你,在哪,希望,你,平安,内心,得到,真正,宁静,"
头发有点儿杵脖子,抑郁症/自杀,2020-09-29 19:33:00,2020-09-30 02:50:12,0.0,几净超弱,希望你以后永远自由 永远快乐,No,Yes,No,"希望,你,以后,永远,自由,永远,快乐,"
头发有点儿杵脖子,抑郁症/自杀,2020-09-29 19:33:00,2023-02-19 00:36:26,872.0,斯托卡利亚的风,看过一句话，用快乐的事物试图去阻止要自杀的人是不可行的，因为想自杀的人需要的不是快乐，而是结束痛苦,Yes,No,No,"看过,一句话,用,快乐,事物,试图,阻止,自杀,人,不可行,因为,想,自杀,人,需要,不是,快乐,而是,结束,痛苦,"
头发有点儿杵脖子,抑郁症/自杀,2020-09-29 19:33:00,2023-02-05 13:36:34,858.0,王云帆今天学习了吗,新年快乐啊朋友,No,Yes,No,"新年,快乐,朋友"
头发有点儿杵脖子,抑郁症/自杀,2020-09-29 19:33:00,2023-01-29 04:20:48,851.0,用户9886648664,我不想吃药了，不想治了，我好累，我坚持不动了,Yes,No,No,"我,不想,吃药,不想,治,我,好累,我,坚持,不动,"
头发有点儿杵脖子,抑郁症/自杀,2020-09-29 19:33:00,2023-01-13 08:47:31,835.0,吃饱了再吃亿碗的晴崽儿,你离开的时候26！我现在都27啦哈哈哈哈哈比你大了,No,No,Yes,"你,离开,时候,26,我,现在,27,哈哈,哈哈哈,比,你,大了,"
头发有点儿杵脖子,抑郁症/自杀,2020-09-29 19:33:00,2022-10-21 00:04:07,751.0,电动周杰伦,有没有和我一样想法的，送走家人后世界再无牵挂，随后离开世界,Yes,No,No,"有没有,我,一样,想法,送走,家人,后,世界,再,无,牵挂,随后,离开,世界"
头发有点儿杵脖子,抑郁症/自杀,2020-09-29 19:33:00,2022-10-04 23:20:33,735.0,低温女子z,女孩，上月9.29我亦要随风。可在7月末我遇着一个男孩子，我喜欢他，他欢喜我，我为他留下来，也许我不用在去，不用随风，也许下一个9.29还会…,Yes,No,No,"女孩,上月,9.29,我,亦,随风,7月末,我,遇,一个,男,孩子,我,喜欢,他,他,欢喜,我,我,为,他,留下来,也许,我,不用,不用,随风,也许,下一个,9.29,还会,…,"
头发有点儿杵脖子,抑郁症/自杀,2020-09-29 19:33:00,2022-08-23 23:15:06,693.0,当代知名变卦达人,我依然没有好，我也依然没有死。,Yes,No,No,"我,依然,没有,好,我,依然,没有死"
头发有点儿杵脖子,抑郁症/自杀,2020-09-29 19:33:00,2022-07-18 00:38:39,656.0,电动车炒河粉用英语怎么说,人间非乐土，这一遭实在没什么意思。,Yes,No,No,"人间,非,乐土,这一遭,实在,没什么,意思,"
头发有点儿杵脖子,抑郁症/自杀,2020-09-29 19:33:00,2022-05-13 00:19:49,590.0,奶茶味的陈学冬,杵 我捡回来的流浪猫 已经五点五斤了哦 去年四月底出生的 十月初因为巧合带回来了 七个月啦  它的麻麻我也投喂了很久 所以它也是我看着出生长大到带回来 如果当初它没有选择一路跟着我回来  可能现在也是怀孕生崽继续在小区流浪吧，,Yes,Yes,No,"杵,我,捡,回来,流浪猫,已经,五点,五斤,去年四月底,出生,十月初,因为,巧合,带,回来了,七个月, ,它,麻麻,我,投喂,很久,所以,它,也是,我,看着,出生,长大,带,回来,如果,当初,它,没有,选择,一,路,跟着,我,回来, ,可能,现在,也是,怀孕生崽,继续,小区,流浪"
头发有点儿杵脖子,抑郁症/自杀,2020-09-29 19:33:00,2022-04-10 22:18:12,558.0,Justwanna_away,你的这段话，我反反复复看了几十遍。好可惜啊，在你离开之后我才认识你。,No,Yes,No,"你,这段话,我,反反复复,几十遍,好,可惜,你,离开,之后,我,才,认识,你,"
头发有点儿杵脖子,抑郁症/自杀,2020-09-29 19:33:00,2021-12-08 23:12:29,435.0,牵马去河边,我还是觉得很痛苦,Yes,No,No,"我,还是,觉得,痛苦,"
头发有点儿杵脖子,抑郁症/自杀,2020-09-29 19:33:00,2021-10-03 22:40:12,369.0,索隆才不路痴,自己一个人关在合租房三天了，没有出门，情绪越来越崩溃第一次忍不住给妈妈打电话了，她接通电话不耐烦地说自己在忙，我挂掉电话一直在等她忙完联系我，却等到了她若无其事在朋友圈分享视频，她从来没有真正关心过我。,Yes,No,No,"自己,一个人,关,合租房,三天,没有,出门,情绪,越来越,崩溃,第一次,忍不住,妈妈,打电话,她,接通电话,不耐烦,地,说,自己,忙,我,挂掉电话,一直,等,她,忙完,联系,我,等到,她,若无其事,朋友,圈,分享,视频,她,从来没有,真正,关心,过,我"
头发有点儿杵脖子,抑郁症/自杀,2020-09-29 19:33:00,2021-06-22 00:57:02,265.0,怎奈换了人间,我今年26岁，我也跟你一样，漂泊了26载，你的文字写的正是我现在的想法.  如果有一天可以在下面遇见，希望下辈子可以有幸认识一下，我也快来找你了,Yes,No,No,"我,今年,26岁,我,你,一样,漂泊,26载,你,文字,写,正是,我,现在,想法,.,  如果,有一天,可以,下面,遇见,希望,下辈子,可以,有幸,认识,一下,我,快,找,你,"
头发有点儿杵脖子,抑郁症/自杀,2020-09-29 19:33:00,2021-06-15 01:33:47,258.0,依然完美主义,最真实的喜怒哀乐全都埋葬在昨天,Yes,No,No,"最,真实,喜怒哀乐,全都,埋葬,昨天,"
头发有点儿杵脖子,抑郁症/自杀,2020-09-29 19:33:00,2021-01-30 12:44:31,122.0,歐百信,第一百二十四天。,No,Yes,No,第一百二十四天
头发有点儿杵脖子,抑郁症/自杀,2020-09-29 19:33:00,2021-01-27 08:24:27,119.0,现在是老芹菜呀,小杵。原生家庭对人的影响太大了。那个遇涨潮的小姐姐也离开了。其实很多时候我们这些人来你的微博。只是害怕忘记。忘记曾经那么善良的你们来过………,Yes,Yes,No,"小杵,原生家庭,对,人,影响,太大,那个,遇,涨潮,小姐姐,离开,其实,很多,时候,我们,这些人,你,微博,只是,害怕,忘记,忘记,曾经,那么,善良,你们,来过,…,…,…"
头发有点儿杵脖子,抑郁症/自杀,2020-09-29 19:33:00,2021-01-08 22:45:26,101.0,夏天的风162162,小杵，最近太忙了，最后一课“放下”一直也没弄好，没有发到你的私信里。可能得过段时间了，因为我要好好想想，该怎么表达。有时候，把只可意会的东西表达出来，真的好难啊。。抱歉啦，不过我一定会弄完的，还是先私信给你。害，知道你不会回，但我发的时候，就当你在。,Yes,No,No,"小杵,最近,太忙,最后一课,“,放下,”,一直,弄好,没有,发到,你,私信,里,可能,得,过段时间,因为,我,好好,想想,该,怎么,表达,有时候,把,只可意会,东西,表达出来,真的好,难,抱歉,不过,我,一定,弄完,还是,先,私信,你,害,知道,你,不会,回,我,发,时候,当,你"
头发有点儿杵脖子,抑郁症/自杀,2020-09-29 19:33:00,2020-12-24 00:42:41,85.0,小参宿,晚安 最近心情很不好 努力调整脆弱 偏偏有人故意恶心 气哭,Yes,No,No,"晚安,最近,心情,不好,努力,调整,脆弱,偏偏,有人,故意,恶心,气哭"
头发有点儿杵脖子,抑郁症/自杀,2020-09-29 19:33:00,2020-12-23 18:36:14,84.0,你的深情就是个笑话,我懦弱只敢逃避，我自私不敢面对，我连当个垃圾都不配     阿杵我不认识你但我好羡慕你，你怎么可以说到并能做到,Yes,No,No,"我,懦弱,只,敢,逃避,我,自私,不敢,面对,我,连,当,垃圾,不配     ,阿杵,我,不认识,你,我,好,羡慕,你,你,怎么,可以说,并,做到"
头发有点儿杵脖子,抑郁症/自杀,2020-09-29 19:33:00,2020-12-08 23:35:27,70.0,每天都要暖暖哒,你好吗？小仙女，多吃菜菜肉肉保暖，有空来广东走走，最近广东天气还可以！,No,Yes,No,"你好,小仙女,多吃,菜,菜,肉,肉,保暖,有空,广东,走走,最近,广东,天气,可以,"
头发有点儿杵脖子,抑郁症/自杀,2020-09-29 19:33:00,2020-11-23 10:38:40,54.0,云动风也动叶子飘摇,以后要厚脸皮一些，自私一些，不要在意别人的眼光,Yes,No,No,"以后,厚脸皮,一些,自私,一些,不要,在意,别人,眼光,"
头发有点儿杵脖子,抑郁症/自杀,2020-09-29 19:33:00,2020-11-01 22:12:24,33.0,夏天的风162162,给你写了点东西，在我微博里。,No,Yes,No,",你,写,点,东西,我,微博,里"
头发有点儿杵脖子,抑郁症/自杀,2020-09-29 19:33:00,2020-10-31 04:14:31,31.0,许多然,别走好不好 我们再熬一熬,No,Yes,No,"别,走好,不好,我们,再,熬一熬,"
头发有点儿杵脖子,抑郁症/自杀,2020-09-29 19:33:00,2020-10-26 01:37:30,26.0,歐百信,第二十八天。,No,No,Yes,第二十八天
头发有点儿杵脖子,抑郁症/自杀,2020-09-29 19:33:00,2020-10-22 10:30:59,22.0,宋小盆,那么多人希望你回来，但是不包括我！我不知道你现在快不快乐，但是起码不痛苦吧！跟着风去游荡吧！自由自在！,No,Yes,No,"那么多,人,希望,你,回来,但是,不包括,我,我,知道,你,现在,快,快乐,但是,起码,痛苦,跟着,风,游荡,自由,自在"
头发有点儿杵脖子,抑郁症/自杀,2020-09-29 19:33:00,2020-10-19 00:19:39,19.0,卑微辅助想打上单,如果是普通的男生自杀了，还会有这么多人留言吗，不会了吧。这世界还是看脸的。,No,No,Yes,"如果,普通,男生,自杀,还会,这么多,人,留言,不会世界,还是,脸,"
头发有点儿杵脖子,抑郁症/自杀,2020-09-29 19:33:00,2020-10-18 02:02:21,18.0,你的深情就是个笑话,守护你，也是守护另外一个自己。不管你在哪里，请好好爱自己。我们与你同在。阿杵你听见了吗,No,Yes,No,"守护,你,也是,守护,另外,一个,自己,不管,你,在哪里,请,好好,爱,自己,我们,与,你,同在,阿杵,你,听见"
头发有点儿杵脖子,抑郁症/自杀,2020-09-29 19:33:00,2020-10-17 02:24:52,17.0,横刀立马少年郎M,很晚了 晚安,Yes,No,No,"很晚,晚安"
头发有点儿杵脖子,抑郁症/自杀,2020-09-29 19:33:00,2020-10-16 14:10:58,16.0,奶思兔米提悠兔,姐姐下午好呀，有几天没来跟你叨叨了，小说我看三分之一啦，看完了跟你讲嗷，今天中午吃了好辣的螺蛳粉，胃疼呜呜呜,Yes,Yes,No,"姐姐,下午,好,几天,你,叨叨,小说,我,三分之一,看完,你,讲,嗷,今天中午,吃了,好辣,螺蛳粉,胃疼,呜呜呜"
头发有点儿杵脖子,抑郁症/自杀,2020-09-29 19:33:00,2020-10-14 14:16:11,14.0,二次元的小泡,今天风吹向一一只小猫咪 你可以和他做朋友,No,Yes,No,"今天,风,吹,向,一一只,小,猫咪,你,可以,他,做,朋友,"
头发有点儿杵脖子,抑郁症/自杀,2020-09-29 19:33:00,2020-10-14 10:15:21,14.0,兔baby-,呀 变漂亮了,No,No,Yes,",变,漂亮"
头发有点儿杵脖子,抑郁症/自杀,2020-09-29 19:33:00,2020-10-10 09:43:43,10.0,北冥是条大鱼,世界太无趣，有趣的人都会离开,Yes,No,No,"世界,无趣,有趣,人,都会,离开"
头发有点儿杵脖子,抑郁症/自杀,2020-09-29 19:33:00,2020-10-09 12:41:09,9.0,动了心的铁憨憨,回来吧,No,Yes,No,回来
头发有点儿杵脖子,抑郁症/自杀,2020-09-29 19:33:00,2020-10-05 10:26:01,5.0,程M1,朋友 快回来吧 我写了一首歌想唱给你听,No,Yes,No,"朋友,快回来吧,我,写,一首,歌,想,唱,你,听,"
头发有点儿杵脖子,抑郁症/自杀,2020-09-29 19:33:00,2021-10-26 16:19:52,391.0,奶茶味的陈学冬,杵 我养了只猫 是小区的流浪猫 跟你说说它的故事吧  我在小区投喂了很多猫 这只在十月九号那天晚上第一次看到 我以为是之前喂的那只大猫  小区的人和我说他们喂了好几次了 当时我以为他们要养 十九又很听话 我一叫就走 想把十九帮忙引回他们家的， 哪怕他们手里有吃的 也是我一叫就走 ，,Yes,Yes,No,"杵,我,养,只,猫,小区,流浪猫,你,说说,它,故事, ,我,小区,投喂,很多,猫,这只,十月九号,那天,晚上,第一次,看到,我,以为,之前,喂,那只,大猫, ,小区,人和,我,说,他们,喂,好,几次,当时,我,以为,他们,养,十九,听话,我,一,叫,走,想,把,十九,帮忙,引回,他们,家,哪怕,他们,手里,吃,也是,我,一,叫,走,"
头发有点儿杵脖子,抑郁症/自杀,2020-09-29 19:33:00,2020-12-09 14:57:54,70.0,Petite-李想今年你几岁,马上就要考研了，所有的软件都卸载了，留了微博和b站，偶尔来看看你有没有更新动态，有动态了是惊喜，没有动态平静着也不错，祝好。,Yes,No,No,"马上,就要,考研,所有,软件,卸载,留,微博,b站,偶尔,看看,你,有没有,更新,动态,动态,惊喜,没有,动态,平静,不错,祝,好"
头发有点儿杵脖子,抑郁症/自杀,2020-09-29 19:33:00,2020-11-13 14:18:51,44.0,PrinceDay-11,离考研还有43天。我不知道，不知道自己这一切的努力归根到底有没有价值。我不知道迎接我的是一个天堂或是地狱，又或者是一个看似天堂却是地狱的终点。,Yes,No,No,"离,考研,还有,43天,我,不知道,不知道,自己,这一切,努力,归根到底,有没有,价值,我,知道,迎接,我,一个,天堂,或是,地狱,或者,一个,看似,天堂,却是,地狱,终点,"
头发有点儿杵脖子,抑郁症/自杀,2020-09-29 19:33:00,2020-11-08 22:00:03,40.0,银河总干事,真希望11.9号你能点个赞,Yes,No,No,"真,希望,11.9号,你,点个赞,"
头发有点儿杵脖子,抑郁症/自杀,2020-09-29 19:33:00,2020-10-15 13:39:45,15.0,LitoaNay,啊杵 你怎么还没回来啊,No,Yes,No,",杵,你,怎么,还没,回来,"
头发有点儿杵脖子,抑郁症/自杀,2020-09-29 19:33:00,2020-10-14 13:43:02,14.0,在华北平原奔跑,有小猫咪跟你做伴了,No,Yes,No,",小,猫咪,你,做伴,"
头发有点儿杵脖子,抑郁症/自杀,2020-09-29 19:33:00,2020-10-14 12:53:56,14.0,我真有钱呀,我也有编辑了很多次的遗书，感觉还能坚持坚持，希望永远不会发出去,Yes,No,No,"我,也有,编辑,很多次,遗书,感觉,还能,坚持,坚持,希望,永远不会,发出去,"
头发有点儿杵脖子,抑郁症/自杀,2020-09-29 19:33:00,2020-10-09 22:03:35,10.0,杨师傅的小跟班_,你超棒！真的，羡慕你,No,Yes,No,"你,超棒,真的,羡慕,你,"
头发有点儿杵脖子,抑郁症/自杀,2020-09-29 19:33:00,2020-10-08 19:00:26,8.0,木木De足记,阿杵如果你能看到我的留言，希望你平安，很多话想和你说，我也曾在深圳打工，你和我有太多太多的相似点，哪怕再煎熬，你回头看看好吗，这几年我也深陷抑郁，无法自拔，尝试自救，也告诉自己再坚持一下下，我知道活着更需要勇气，你回来吧，我把我的勇气匀给你，希望你可以好好的。,Yes,No,No,"阿杵,如果,你,能看到,我,留言,希望,你,平安,很多,想,你,说,我,也曾,深圳,打工,你,我,太多太多,相似点,哪怕,再,煎熬,你,回头,看看,好吗,这几年,我,深陷,抑郁,无法自拔,尝试,自救,告诉,自己,再,坚持,一下下,我,知道,活着,更需要,勇气,你,回来,我,把,我,勇气,匀,你,希望,你,可以,好好的"
头发有点儿杵脖子,抑郁症/自杀,2020-09-29 19:33:00,2020-10-06 12:36:10,6.0,又一年晚风凉,小姐姐，快回来吧，我们都需要你，每天看你微博真的是太难受了,No,Yes,No,"小姐姐,快回来吧,我们,都需要,你,每天,你,微博,真的,难受,"
头发有点儿杵脖子,抑郁症/自杀,2020-09-29 19:33:00,2020-09-30 01:42:51,0.0,鄧ELIKE,所有所有有趣的事都在等着你，学姐！！千万千万不要踏出那一步！ 难过就大胆回来母校好好的和我们疯一把！！什么事情都能踏过！！好好睡一觉，第二天好好沐浴清晨阳光！,No,Yes,No,"所有,所有,有趣,事,等着,你,学姐,千万,千万不要,踏出,一步,难过,大胆,回来,母校,好好的,我们,疯,一把,什么,事情,踏过,好好,睡一觉,第二天,好好,沐浴,清晨,阳光,"
头发有点儿杵脖子,抑郁症/自杀,2020-09-29 19:33:00,2022-11-05 01:02:27,766.0,来一杯加冰大麦茶,这几年的世界被疫情占据，第三年了，越来越离谱，过度防疫，无数条鲜活的生命为此付出代价，活着的人也在苟延残喘，我不知道这世界怎么了，我觉得这里是地狱,Yes,No,No,"这几年,世界,被,疫情,占据,第三年,越来越,离谱,过度,防疫,无数条,鲜活,生命,为此,付出代价,活着,人,苟延残喘,我,不知道,世界,怎么了,我,觉得,这里,地狱"
头发有点儿杵脖子,抑郁症/自杀,2020-09-29 19:33:00,2022-08-15 22:48:56,685.0,电动车炒河粉用英语怎么说,把活着当作赎罪会不会好过一点,Yes,No,No,"把,活着,当作,赎罪,会不会,好过,一点,"
头发有点儿杵脖子,抑郁症/自杀,2020-09-29 19:33:00,2022-05-08 17:51:34,585.0,只道清狂_,阿杵，今天一条综艺讲抑郁症上了文娱榜，我看出了那封遗书是你发过的，但他们改得实在太烂了啊，他念得很平常，可每念一个字我的心都跟着揪着疼，素不相识的朋友啊。,No,Yes,No,"阿杵,今天,一条,综艺,讲,抑郁症,上,文娱,榜,我,看出,封,遗书,你,发,过,他们,改,得,实在,太烂,他,念,得,平常,每,念,一个字,我,心,跟着,揪着,疼,素不相识,朋友,"
头发有点儿杵脖子,抑郁症/自杀,2020-09-29 19:33:00,2022-04-24 18:18:01,571.0,老子猛狗一个,好累啊 好想要个拥抱啊 想要有个人当我的支架,Yes,No,No,"好累,好,想要,拥抱,想要,有个人,当,我,支架,"
头发有点儿杵脖子,抑郁症/自杀,2020-09-29 19:33:00,2022-03-01 23:19:07,518.0,奶茶味的陈学冬,杵 还记得前几天和你说我要独居了吗 今天我找到房子租下来了 下星期就搬了 一猫一人的生活开始啦,Yes,No,No,"杵,记得,前几天,你,说,我,独居,今天,我,找到,房子,租下来,下星期,搬,一,猫,一人,生活,开始,"
头发有点儿杵脖子,抑郁症/自杀,2020-09-29 19:33:00,2021-12-09 02:24:06,435.0,涵涵今天睡醒了吗,阿杵 好久没来看你啦,No,Yes,No,"阿杵,好久,来看,你,"
头发有点儿杵脖子,抑郁症/自杀,2020-09-29 19:33:00,2021-11-15 01:30:40,411.0,子箫祈愿,阿杵，我最近在慢慢变好啦，我是不是能摆脱这一切了呢，我会加油的,No,Yes,No,"阿杵,我,最近,慢慢变好,我,是不是,摆脱,这一切,我,加油"
头发有点儿杵脖子,抑郁症/自杀,2020-09-29 19:33:00,2021-10-07 00:52:14,372.0,他眼中有光,阿杵阿杵,No,Yes,No,"阿杵,阿杵"
头发有点儿杵脖子,抑郁症/自杀,2020-09-29 19:33:00,2021-07-28 22:20:42,302.0,我们下次黄昏见吧,我又来看你了,No,Yes,No,"我,来看你了"
头发有点儿杵脖子,抑郁症/自杀,2020-09-29 19:33:00,2021-07-06 23:12:34,280.0,葡萄糖伏特加,你究竟是个怎样美好的女孩子？打出第一句话，我就已经泪眼婆娑..离开都是这么温柔，依旧祝福这个世界，悄然无声的告别离开，你配得上一切的美好，是这个世界太肮脏了,No,Yes,No,"你,究竟,怎样,美好,女,孩子,打出,第一句,我,已经,泪眼婆娑,.,.,离开,都是,这么,温柔,依旧,祝福,这个,世界,悄然,无声,告别,离开,你,配,得,上,一切,美好,这个,世界,肮脏"
头发有点儿杵脖子,抑郁症/自杀,2020-09-29 19:33:00,2021-02-05 14:58:19,128.0,琪琪子爱睡觉,还有两天半就可以回家了 你随风一起去我家过年吧,No,Yes,No,"还有,两天,半,就可以,回家,你,随风,一起去,我家,过年"
头发有点儿杵脖子,抑郁症/自杀,2020-09-29 19:33:00,2023-04-29 09:44:35,941.0,DD大宁,不想做人了,Yes,No,No,"不想,做人"
头发有点儿杵脖子,抑郁症/自杀,2020-09-29 19:33:00,2023-04-29 09:43:33,941.0,DD大宁,好难受，真的好难受,Yes,No,No,"好,难受,真的好,难受,"
头发有点儿杵脖子,抑郁症/自杀,2020-09-29 19:33:00,2023-04-29 06:49:30,941.0,当代知名变卦达人,没意思，总觉得差点意思或许是我没意思。,Yes,No,No,"没意思,总,觉得,差点,意思,或许,我,没意思"
头发有点儿杵脖子,抑郁症/自杀,2020-09-29 19:33:00,2023-04-29 03:16:05,941.0,简直就睡觉觉自己在家,我也快了，在等倒计时,Yes,No,No,"我,快,等,倒计时,"
头发有点儿杵脖子,抑郁症/自杀,2020-09-29 19:33:00,2023-04-28 20:55:31,941.0,至此_Terminate,阿杵，后天就是我赌命的日子输了我就去见你了  但我还是想赢一把，毕竟好运从来眷顾过我,Yes,No,No,"阿杵,后天,就是,我,赌命,日子,输了,我,见,你, ,我,还是,想,赢,一把,毕竟,好运,从来,眷顾,过,我,"
头发有点儿杵脖子,抑郁症/自杀,2020-09-29 19:33:00,2023-04-28 12:53:27,940.0,我好想成为超人啊,三年之久，经常关注你的动态，就是比较想念你。,No,Yes,No,"三年,久,经常,关注,你,动态,就是,比较,想念,你,"
头发有点儿杵脖子,抑郁症/自杀,2020-09-29 19:33:00,2023-04-28 09:28:51,940.0,DD大宁,我不行了，我熬不住了,Yes,No,No,"我,不行,我,熬,不住,"
头发有点儿杵脖子,抑郁症/自杀,2020-09-29 19:33:00,2023-04-28 05:46:32,940.0,DD大宁,阿杵，早安,No,Yes,No,"阿杵,早安"
头发有点儿杵脖子,抑郁症/自杀,2020-09-29 19:33:00,2023-04-28 01:16:03,940.0,慢走不送再见啦,阿杵 晚安,No,Yes,No,"阿杵,晚安"
头发有点儿杵脖子,抑郁症/自杀,2020-09-29 19:33:00,2023-04-28 01:15:08,940.0,會飛的Liberty,阿杵呀  “子弹会在适当的时候正中眉心“  我会做好准备  像你一样   愿你安好  自由  快乐,Yes,No,No,"阿杵,呀  ,“,子弹,适当,时候,正中,眉心,“,  我,做好准备  ,像,你,一样   愿,你,安好  ,自由,  ,快乐,"
头发有点儿杵脖子,抑郁症/自杀,2020-09-29 19:33:00,2023-04-28 01:09:21,940.0,做一条肆无忌惮的野狗,戒酒也太痛苦了,Yes,No,No,"戒酒,痛苦"
头发有点儿杵脖子,抑郁症/自杀,2020-09-29 19:33:00,2023-04-27 23:32:27,940.0,电动周杰伦,有什么群或是讨论小组吗suicide,No,No,Yes,"有什么,群,或是,讨论,小组,suicide,"
头发有点儿杵脖子,抑郁症/自杀,2020-09-29 19:33:00,2023-04-27 23:31:59,940.0,电动周杰伦,hi风 来看你了,No,Yes,No,"hi风,来看你了"
头发有点儿杵脖子,抑郁症/自杀,2020-09-29 19:33:00,2023-04-27 10:22:27,939.0,张佳乐头顶的小花,走了来见你了,No,Yes,No,"走,见,你,"
头发有点儿杵脖子,抑郁症/自杀,2020-09-29 19:33:00,2023-04-27 07:27:10,939.0,热心黑凤梨,我来了，看你,No,Yes,No,"我,来了,你,"
头发有点儿杵脖子,抑郁症/自杀,2020-09-29 19:33:00,2023-04-27 01:22:26,939.0,月亮给你_-,周日去了博物馆，看着城市外面的海，问同行的人，一百年前打仗的是这片海，现在也还是这片海，有什么改变嘛，好像变了又好像没变,Yes,No,No,"周日,博物馆,看着,城市,外面,海,问,同行,人,一百年前,打仗,这片,海,现在,还是,这片,海,有什么,改变,好像,变,好像,没变,"
头发有点儿杵脖子,抑郁症/自杀,2020-09-29 19:33:00,2023-04-27 00:18:35,939.0,恰是西柚黄昏,我救赎不了自己,Yes,No,No,"我,救赎,不了,自己"
头发有点儿杵脖子,抑郁症/自杀,2020-09-29 19:33:00,2023-04-26 17:50:38,938.0,DD大宁,心惊肉跳,No,No,Yes,心惊肉跳
头发有点儿杵脖子,抑郁症/自杀,2020-09-29 19:33:00,2023-04-26 17:50:15,938.0,DD大宁,又开始难受了,Yes,No,No,",开始,难受"
头发有点儿杵脖子,抑郁症/自杀,2020-09-29 19:33:00,2023-04-26 10:00:51,938.0,一名交易小子,加油鸭姐,No,Yes,No,"加油,鸭,姐"
头发有点儿杵脖子,抑郁症/自杀,2020-09-29 19:33:00,2023-04-26 09:58:32,938.0,一名交易小子,姐,No,No,Yes,姐
