Words,All,Tree Hole,Wailing Wall,Unique Tree Hole,Unique Wailing Wall,Both
你,302,86,295,7,216,79
我,261,171,195,65,89,106
妹妹,73,31,62,10,41,21
世界,48,28,34,14,20,14
希望,47,29,35,12,18,17
快乐,45,19,39,6,26,13
晚安,41,24,39,2,17,22
人,38,27,19,19,11,8
温柔,37,15,32,5,22,10
今天,34,25,27,7,9,18
好,32,21,21,11,11,10
想,31,14,22,8,16,6
自己,30,18,18,12,12,6
没有,27,13,21,6,14,7
这个,27,18,17,10,9,8
小,27,9,25,2,18,7
现在,26,15,23,3,11,12
我们,26,14,22,4,12,10
喜欢,25,6,22,3,19,3
美好,25,12,20,5,13,7
如果,24,15,19,5,9,10
但是,22,13,16,6,9,7
一个,22,10,18,4,12,6
一定,21,8,19,2,13,6
姐姐,20,8,20,0,12,8
宝贝,19,12,19,0,7,12
老师,18,8,16,2,10,6
好好,18,10,17,1,8,9
她,17,9,14,3,8,6
事情,17,7,14,3,10,4
看到,17,6,13,4,11,2
可以,17,6,14,3,11,3
不是,17,9,13,4,8,5
他们,16,4,12,4,12,0
人生,16,11,10,6,5,5
欣欣,16,6,16,0,10,6
温暖,15,8,10,5,7,3
真的,15,9,14,1,6,8
下辈子,15,5,15,0,10,5
一直,14,5,13,1,9,4
这样,14,3,14,0,11,3
得,14,6,12,2,8,4
微博,14,9,13,1,5,8
愿,14,1,13,1,13,0
开心,14,3,13,1,11,2
你们,14,9,11,3,5,6
最,14,4,11,3,10,1
朋友,14,7,9,5,7,2
在那边,13,5,13,0,8,5
把,12,6,8,3,5,3
离开,12,10,11,1,2,9
善良,12,6,11,1,6,5
那么,12,4,9,3,8,1
成为,12,5,12,0,7,5
努力,12,10,9,3,2,7
东西,12,8,9,3,4,5
因为,12,9,9,3,3,6
生活,11,7,9,2,4,5
可爱,11,2,11,0,9,2
上,11,5,9,2,6,3
陪,11,1,11,0,10,1
时候,11,6,7,4,5,2
难过,11,6,7,4,5,2
这么,11,2,11,0,9,2
觉得,11,8,9,2,3,6
还有,11,8,9,2,3,6
所有,11,6,6,5,5,1
里,10,3,10,0,7,3
痛苦,10,6,9,1,4,5
还是,10,6,7,3,4,3
高三,10,8,6,4,2,4
经历,10,2,10,0,8,2
不会,10,5,7,3,5,2
那个,10,6,8,2,4,4
多,10,6,5,5,4,1
每天,10,8,5,5,2,3
事,10,4,9,1,6,3
比,10,6,7,3,4,3
都是,10,7,7,3,3,4
为什么,10,10,2,8,0,2
不知道,9,7,4,5,2,2
很好,9,8,5,4,1,4
再,9,1,9,0,8,1
另一个,9,1,9,0,8,1
应该,9,4,8,1,5,3
虽然,9,3,7,2,6,1
说,9,5,6,3,4,2
一样,9,4,8,1,5,3
知道,9,4,7,2,5,2
一定要,9,4,9,0,5,4
告诉,9,5,8,1,4,4
好好的,9,3,8,1,6,2
感觉,9,6,4,5,3,1
也是,9,5,6,3,4,2
高考,9,6,7,2,3,4
遇见,8,4,8,0,4,4
死亡,8,2,7,1,6,1
地,8,6,6,2,2,4
当,8,5,7,1,3,4
记得,8,0,8,0,8,0
过去,8,6,5,3,2,3
等,8,6,8,0,2,6
好像,8,5,3,4,2,1
姑娘,8,3,7,1,5,2
选择,8,5,7,1,3,4
“,8,6,4,4,2,2
孩子,8,3,7,1,5,2
时,8,7,5,3,1,4
同学,8,5,7,1,3,4
”,8,6,4,4,2,2
已经,7,3,6,1,4,2
不能,7,5,5,2,2,3
中,7,5,4,3,2,2
考,7,7,6,1,0,6
看着,7,2,7,0,5,2
要开心,7,2,7,0,5,2
学生,7,6,5,2,1,4
幸福,7,3,6,1,4,2
坚持,7,4,5,2,3,2
大,7,2,6,1,5,1
走好,7,0,7,0,7,0
更,7,3,6,1,4,2
心,7,1,7,0,6,1
时间,7,6,2,5,1,1
活着,7,4,4,3,3,1
早点认识,7,0,7,0,7,0
永远,7,3,5,2,4,1
高中,7,6,2,5,1,1
一起,7,2,6,1,5,1
的人,6,3,5,1,3,2
可能,6,2,5,1,4,1
小熊星,6,1,6,0,5,1
总是,6,6,2,4,0,2
学校,6,5,4,2,1,3
最近,6,5,4,2,1,3
吃,6,2,4,2,4,0
清禾,6,1,6,0,5,1
想要,6,4,5,1,2,3
为,6,4,3,3,2,1
难受,6,5,4,2,1,3
以后,6,3,5,1,3,2
穿,6,1,5,1,5,0
来生,6,2,6,0,4,2
一,6,4,4,2,2,2
祝,6,4,4,2,2,2
走,6,4,4,2,2,2
大家,6,3,4,2,3,1
加油,6,4,4,2,2,2
出来,6,6,1,5,0,1
晚,6,0,6,0,6,0
下去,6,4,3,3,2,1
爱,6,4,3,3,2,1
开,6,2,5,1,4,1
像,6,1,6,0,5,1
其实,6,5,6,0,1,5
别人,6,5,2,4,1,1
好累,5,5,1,4,0,1
相信,5,3,4,1,2,2
结果,5,4,2,3,1,1
那些,5,3,4,1,2,2
马上,5,3,4,1,2,2
成功,5,4,4,1,1,3
看完,5,3,5,0,2,3
在那里,5,1,5,0,4,1
该,5,2,4,1,3,1
一年,5,3,4,1,2,2
很多,5,5,3,2,0,3
挺,5,5,3,2,0,3
女孩,5,1,5,0,4,1
女,5,1,4,1,4,0
还在,5,3,4,1,2,2
一些,5,4,1,4,1,0
睡,5,5,2,3,0,2
大学,5,3,5,0,2,3
找,5,3,3,2,2,1
无忧无虑,5,4,5,0,1,4
生日,5,5,1,4,0,1
怎么,5,3,2,3,2,0
心里,5,5,0,5,0,0
思考,5,5,1,4,0,1
不要,5,0,5,0,5,0
与,5,2,4,1,3,1
总能,5,4,1,4,1,0
只,5,4,3,2,1,2
而,5,4,4,1,1,3
安息,5,0,5,0,5,0
发,5,3,4,1,2,2
就要,5,5,4,1,0,4
就是,5,2,3,2,3,0
孤独,5,5,2,3,0,2
折磨,4,2,2,2,2,0
以前,4,1,3,1,3,0
起来,4,4,1,3,0,1
半年,4,4,1,3,0,1
地狱,4,0,4,0,4,0
曾经,4,2,3,1,2,1
动力,4,4,0,4,0,0
一切,4,3,3,1,1,2
考试,4,4,4,0,0,4
!,4,4,1,3,0,1
有人,4,1,3,1,3,0
日子,4,2,4,0,2,2
考研,4,4,2,2,0,2
谢谢,4,3,2,2,1,1
你好,4,1,4,0,3,1
可是,4,3,1,3,1,0
你我,4,3,4,0,1,3
是不是,4,3,2,2,1,1
明年,4,4,2,2,0,2
新年,4,0,4,0,4,0
同样,4,2,3,1,2,1
不同,4,4,1,3,0,1
无法,4,3,4,0,1,3
请,4,1,4,0,3,1
有点,4,4,2,2,0,2
喔,4,1,4,0,3,1
放弃,4,2,4,0,2,2
冰冷,4,1,3,1,3,0
来世,4,0,4,0,4,0
以待,4,3,3,1,1,2
至少,4,3,2,2,1,1
才,4,2,3,0,1,2
天使,4,0,4,0,4,0
乐,4,1,4,0,3,1
下来,4,3,3,1,1,2
这里,4,3,2,2,1,1
遭遇,4,3,4,0,1,3
遗憾,4,1,4,0,3,1
特别,4,2,3,1,2,1
就好,4,2,2,2,2,0
害怕,4,3,4,0,1,3
需要,4,4,4,0,0,4
关注,4,3,2,2,1,1
生命,4,4,2,2,0,2
小禾,4,4,4,0,0,4
久,4,1,4,0,3,1
上海,4,2,4,0,2,2
一次,4,4,0,4,0,0
好想,4,1,4,0,3,1
看看,4,1,4,0,3,1
我女儿,4,4,4,0,0,4
想到,4,2,3,1,2,1
然后,4,2,3,1,2,1
河水,4,1,4,0,3,1
都会,4,3,3,1,1,2
情绪,4,1,3,1,3,0
熬,4,4,2,2,0,2
所以,4,2,4,0,2,2
不了,4,2,3,1,2,1
一天,4,4,0,4,0,0
完,4,3,4,0,1,3
天堂,4,2,4,0,2,2
活下去,3,2,1,2,1,0
考上,3,1,3,0,2,1
它,3,1,2,1,2,0
替,3,1,3,0,2,1
压力,3,2,3,0,1,2
能吃,3,0,3,0,3,0
对待,3,1,2,1,2,0
十八层,3,0,3,0,3,0
能够,3,1,3,0,2,1
小朋友,3,2,1,2,1,0
照顾,3,1,3,0,2,1
冬天,3,0,3,0,3,0
父母,3,3,1,2,0,1
晚上好,3,2,2,1,1,1
带给,3,1,2,1,2,0
带着,3,1,3,0,2,1
昨天,3,3,3,0,0,3
湖水,3,0,3,0,3,0
更多,3,3,3,0,0,3
医院,3,2,3,0,1,2
很爱,3,3,1,2,0,1
只是,3,0,3,0,3,0
自杀,3,3,2,1,0,2
得到,3,1,3,0,2,1
明天,3,1,3,0,2,1
活,3,2,1,2,1,0
如何,3,1,3,0,2,1
恭喜,3,1,1,1,1,0
来看你了,3,1,3,0,2,1
好久,3,2,3,0,1,2
每次,3,1,2,1,2,0
圣诞,3,3,2,1,0,2
好不好,3,3,3,0,0,3
在哪里,3,2,1,2,1,0
来了,3,2,2,1,1,1
地方,3,2,3,0,1,2
或者,3,1,3,0,2,1
所,3,2,3,0,1,2
学,3,3,1,2,0,1
梦到,3,1,3,0,2,1
抱歉,3,1,3,0,2,1
每一个,3,3,1,2,0,1
真的好,3,2,1,2,1,0
睡觉,3,2,3,0,1,2
真的有,3,2,3,0,1,2
抑郁,3,3,1,2,0,1
太阳,3,1,2,1,2,0
站,3,1,3,0,2,1
好吃,3,2,3,0,1,2
撑不住,3,2,1,2,1,0
好大,3,3,2,1,0,2
想你,3,0,3,0,3,0
可恶,3,3,3,0,0,3
有时候,3,3,1,2,0,1
好起来,3,2,1,2,1,0
想哭,3,1,3,0,2,1
好的,3,2,1,2,1,0
绝望,3,3,2,1,0,2
好梦,3,0,3,0,3,0
整个,3,3,1,2,0,1
吖,3,1,3,0,2,1
听,3,1,2,1,2,0
经历过,3,3,2,1,0,2
感到,3,3,2,1,0,2
哥哥,3,0,3,0,3,0
救,3,3,3,0,0,3
期待,3,0,3,0,3,0
第一次,3,1,3,0,2,1
点,3,2,2,1,1,1
  ,3,0,3,0,3,0
们,3,2,3,0,1,2
人间,3,2,3,0,1,2
伤害,3,2,3,0,1,2
身边,3,1,3,0,2,1
世间,3,2,3,0,1,2
不是吗,3,0,3,0,3,0
不再,3,1,2,1,2,0
健康,3,2,1,2,1,0
不过,3,3,1,2,0,1
也不,3,3,2,1,0,2
遇到,3,1,2,1,2,0
也曾,3,3,2,1,0,2
也有,3,3,2,1,0,2
还好吗,3,2,3,0,1,2
一生,3,0,3,0,3,0
逃,3,3,0,3,0,0
不知,3,1,3,0,2,1
作为,3,0,3,0,3,0
降温,3,2,3,0,1,2
这样的,3,1,3,0,2,1
以,3,2,2,1,1,1
下次,3,2,3,0,1,2
一路走好,3,0,3,0,3,0
这种,3,2,2,1,1,1
他人,3,2,3,0,1,2
?,3,3,3,0,0,3
所有人,2,2,0,2,0,0
忘了,2,1,2,0,1,1
生,2,1,2,0,1,1
第一层,2,0,2,0,2,0
忘记,2,0,2,0,2,0
对不起,2,0,2,0,2,0
才能,2,1,1,1,1,0
秋天,2,0,2,0,2,0
对于,2,1,2,0,1,1
休息,2,0,2,0,2,0
笑着,2,1,1,1,1,0
一岁,2,0,2,0,2,0
付出,2,2,2,0,0,2
实在,2,1,2,0,1,1
一层,2,0,2,0,2,0
每个人,2,1,1,1,1,0
或,2,2,1,1,0,1
辛苦,2,0,2,0,2,0
不舍,2,1,1,1,1,0
笑,2,2,0,2,0,0
噩梦,2,1,1,1,1,0
不能死,2,2,1,1,0,1
穿越,2,0,2,0,2,0
生日快乐,2,0,2,0,2,0
灰暗,2,2,1,1,0,1
唉,2,1,1,1,1,0
将,2,2,0,2,0,0
少一点,2,2,0,2,0,0
小裙子,2,0,2,0,2,0
抱抱,2,0,2,0,2,0
结束,2,2,1,1,0,1
心理,2,2,1,1,0,1
吗  ,2,0,2,0,2,0
顺利,2,2,1,1,0,1
相似,2,1,2,0,1,1
周杰伦,2,0,2,0,2,0
向,2,1,1,1,1,0
担心,2,2,1,1,0,1
后悔,2,1,1,1,1,0
后,2,2,1,1,0,1
梦想,2,0,2,0,2,0
深渊,2,1,2,0,1,1
班主任,2,1,1,1,1,0
终于,2,1,1,1,1,0
答应,2,1,2,0,1,1
承受压力,2,1,1,1,1,0
死,2,1,2,0,1,1
算是,2,2,2,0,0,2
类似,2,1,1,1,1,0
甚至,2,1,1,1,1,0
坏,2,2,2,0,0,2
理解,2,2,2,0,0,2
哭,2,2,2,0,0,2
哈哈哈,2,1,1,0,0,1
理由,2,1,1,1,1,0
素不相识,2,0,2,0,2,0
一个月,2,1,1,1,1,0
累,2,2,1,1,0,1
理想,2,0,2,0,2,0
心痛,2,0,2,0,2,0
他,2,0,2,0,2,0
处理,2,1,1,1,1,0
成长,2,2,1,1,0,1
也好,2,1,2,0,1,1
一起去,2,2,2,0,0,2
没能,2,0,2,0,2,0
总,2,2,1,1,0,1
好冷,2,1,2,0,1,1
三十多天,2,2,2,0,0,2
这么多,2,1,2,0,1,1
学姐,2,1,2,0,1,1
为了,2,2,0,2,0,0
这两天,2,1,2,0,1,1
女生,2,1,2,0,1,1
事物,2,1,1,1,1,0
于,2,2,0,2,0,0
世上,2,2,1,1,0,1
想法,2,2,1,1,0,1
惩罚,2,0,2,0,2,0
的确,2,2,1,1,0,1
离,2,1,2,0,1,1
进来,2,1,1,1,1,0
委屈,2,2,1,1,0,1
恨,2,2,1,1,0,1
一遍,2,2,2,0,0,2
姐妹,2,1,2,0,1,1
如此,2,2,1,1,0,1
连,2,1,1,1,1,0
好难,2,1,1,1,1,0
相遇,2,1,2,0,1,1
阳光,2,2,2,0,0,2
这辈子,2,0,2,0,2,0
存在,2,2,2,0,0,2
问题,2,2,1,1,0,1
这次,2,2,1,1,0,1
相识,2,1,2,0,1,1
专业,2,2,1,1,0,1
学渣,2,2,0,2,0,0
想象,2,2,0,2,0,0
一次性,2,2,2,0,0,2
留言,2,1,1,1,1,0
睡着,2,0,2,0,2,0
什么,2,2,1,1,0,1
毕业,2,1,1,1,1,0
留恋,2,2,1,1,0,1
今年,2,2,0,2,0,0
怀疑,2,2,1,1,0,1
头,2,1,2,0,1,1
就可以,2,0,2,0,2,0
宝,2,2,1,1,0,1
社会,2,2,1,1,0,1
念头,2,2,2,0,0,2
祝愿,2,2,1,1,0,1
从头到尾,2,2,2,0,0,2
睡个好觉,2,0,2,0,2,0
愿望,2,1,2,0,1,1
大概,2,1,2,0,1,1
天上,2,0,2,0,2,0
怎么样,2,0,2,0,2,0
还没有,2,1,2,0,1,1
宇宙,2,0,2,0,2,0
还能,2,1,2,0,1,1
没人,2,2,0,2,0,0
天气,2,1,2,0,1,1
太冷,2,1,2,0,1,1
眼泪,2,2,2,0,0,2
感受,2,1,1,1,1,0
感,2,2,1,1,0,1
互相,2,2,0,2,0,0
意义,2,2,2,0,0,2
逃离,2,1,1,1,1,0
跳,2,1,1,1,1,0
深,2,2,1,1,0,1
无助,2,0,2,0,2,0
勇敢,2,1,2,0,1,1
既然,2,0,2,0,2,0
最美,2,0,2,0,2,0
剩下,2,0,2,0,2,0
很多人,2,1,1,1,1,0
热闹,2,2,2,0,0,2
那样,2,1,1,1,1,0
应该是,2,0,2,0,2,0
度过,2,0,2,0,2,0
到底,2,2,0,2,0,0
虽,2,1,2,0,1,1
早安,2,2,2,0,0,2
充满,2,1,1,1,1,0
早点,2,0,2,0,2,0
?,2,1,2,0,1,1
不值得,2,1,1,1,1,0
貌似,2,1,2,0,1,1
有什么,2,2,2,0,0,2
即将,2,2,2,0,0,2
年轻,2,1,2,0,1,1
新的一年,2,0,2,0,2,0
新闻,2,2,1,1,0,1
方式,2,1,2,0,1,1
有机会,2,2,2,0,0,2
平行,2,1,2,0,1,1
无,2,1,2,0,1,1
午好,2,1,2,0,1,1
做不到,2,2,0,2,0,0
不敢,2,2,0,2,0,0
有幸,2,1,2,0,1,1
十几年,2,0,2,0,2,0
做出,2,1,1,1,1,0
艰难,2,2,0,2,0,0
无数次,2,2,1,1,0,1
芋圆,2,0,2,0,2,0
刚刚,2,2,1,1,0,1
刚,2,1,2,0,1,1
?,2,2,2,0,0,2
开始,2,2,2,0,0,2
烦,2,2,0,2,0,0
记挂,2,0,2,0,2,0
11月,2,1,2,0,1,1
全部,2,2,2,0,0,2
昨晚,2,1,2,0,1,1
是什么,2,1,2,0,1,1
),2,2,2,0,0,2
说话,2,2,0,2,0,0
再也,2,1,1,1,1,0
共鸣,2,2,1,1,0,1
该怎么办,2,1,2,0,1,1
内容,2,1,1,1,1,0
(,2,2,2,0,0,2
关于,2,2,2,0,0,2
灵魂,2,1,1,1,1,0
认识,2,1,1,1,1,0
认认真真,2,2,2,0,0,2
冷,2,0,2,0,2,0
明明,2,1,1,1,1,0
那边,2,0,2,0,2,0
时空,2,1,2,0,1,1
分享,2,1,1,1,1,0
出现,2,0,2,0,2,0
热搜,2,0,2,0,2,0
18岁,2,2,2,0,0,2
调查,2,2,0,2,0,0
认真,2,2,0,2,0,0
要是,2,1,2,0,1,1
见,2,0,2,0,2,0
见到,2,1,2,0,1,1
明白,2,2,0,2,0,0
星星,2,0,2,0,2,0
烦恼,2,0,2,0,2,0
脆弱,2,2,1,1,0,1
姜云升,2,2,2,0,0,2
来看,2,0,2,0,2,0
很累,2,2,2,0,0,2
颗,2,1,1,1,1,0
重要,2,1,1,1,1,0
而是,2,1,1,1,1,0
反转,2,2,0,2,0,0
?,2,1,2,0,1,1
本应该,2,1,1,1,1,0
重新,2,2,2,0,0,2
工作,2,2,1,1,0,1
不想,2,1,2,0,1,1
层,2,0,2,0,2,0
叫,2,0,1,0,1,0
清,2,1,2,0,1,1
提前,2,1,2,0,1,1
发生,2,1,1,1,1,0
掉,2,2,2,0,0,2
上面,2,0,2,0,2,0
受,2,2,1,1,0,1
受到,2,0,2,0,2,0
依然,2,0,2,0,2,0
受尽,2,0,2,0,2,0
越来越好,2,2,1,1,0,1
你身边,2,0,2,0,2,0
撑,2,2,0,2,0,0
越,2,2,2,0,0,2
属于,2,1,2,0,1,1
变好,2,1,1,1,1,0
变得,2,1,2,0,1,1
老实,2,2,1,1,0,1
那一刻,2,1,2,0,1,1
清晨,2,0,2,0,2,0
―,2,0,2,0,2,0
体验,2,2,1,1,0,1
°,2,2,2,0,0,2
吃了,2,2,2,0,0,2
帮,2,0,2,0,2,0
厌恶,2,2,2,0,0,2
肩上,2,1,1,1,1,0
猫咪,2,1,2,0,1,1
一下,2,2,2,0,0,2
数学,2,1,2,0,1,1
带走,2,0,2,0,2,0
原来,2,0,2,0,2,0
不幸福,2,2,0,2,0,0
●,2,2,2,0,0,2
那么多,2,1,2,0,1,1
聊,2,2,2,0,0,2
文字,2,1,2,0,1,1
不开心,2,1,2,0,1,1
换,2,1,1,1,1,0
挣脱,2,0,2,0,2,0
心中,2,1,1,1,1,0
金榜题名,2,0,2,0,2,0
泪流,1,1,1,0,0,1
深情,1,1,0,1,0,0
演唱会,1,0,1,0,1,0
灌溉,1,0,1,0,1,0
清明节,1,0,1,0,1,0
洞口,1,1,1,0,0,1
添,1,0,1,0,1,0
长河,1,1,1,0,0,1
漫天,1,0,1,0,1,0
漫长,1,1,0,1,0,0
消防员,1,1,1,0,0,1
阅,1,0,1,0,1,0
灯,1,1,0,1,0,0
醒了,1,1,0,1,0,0
长沙,1,1,1,0,0,1
漂亮,1,1,1,0,0,1
活下来,1,1,0,1,0,0
错,1,1,0,1,0,0
铁粉,1,0,0,0,0,0
浏览,1,0,1,0,1,0
浑蛋,1,0,1,0,1,0
济南燕山中学,1,1,1,0,0,1
重,1,1,0,1,0,0
温良恭俭让,1,1,0,1,0,0
温顺,1,1,1,0,0,1
游戏,1,1,0,1,0,0
流过,1,1,1,0,0,1
都知道,1,1,0,1,0,0
郑大彭,1,0,1,0,1,0
溺死,1,0,1,0,1,0
长大,1,0,1,0,1,0
浪漫,1,1,1,0,0,1
流,1,1,0,1,0,0
派,1,0,1,0,1,0
滋味,1,0,1,0,1,0
渐渐,1,0,1,0,1,0
清风,1,0,1,0,1,0
浪费,1,1,1,0,0,1
海,1,1,0,1,0,0
海边,1,1,0,1,0,0
针对,1,1,1,0,0,1
满怀,1,0,1,0,1,0
消失,1,1,0,1,0,0
重映,1,0,1,0,1,0
满足,1,0,1,0,1,0
消磨,1,1,1,0,0,1
淹没,1,0,1,0,1,0
说什么,1,0,1,0,1,0
泪水,1,1,0,1,0,0
高楼,1,1,0,1,0,0
高桥,1,1,1,0,0,1
有缘,1,1,1,0,0,1
有道理,1,1,0,1,0,0
朝着,1,0,1,0,1,0
马赛克,1,0,1,0,1,0
朦胧,1,0,1,0,1,0
未曾,1,1,0,1,0,0
本子,1,1,0,1,0,0
本应,1,1,1,0,0,1
本性,1,1,0,1,0,0
本来,1,1,0,1,0,0
本柔,1,0,1,0,1,0
本身,1,0,1,0,1,0
香芋地瓜丸子,1,1,1,0,0,1
机场,1,0,1,0,1,0
权力,1,1,1,0,0,1
饿死,1,1,0,1,0,0
飞机,1,0,1,0,1,0
来玩,1,0,1,0,1,0
飞去,1,0,1,0,1,0
来着,1,0,0,0,0,0
来自,1,0,1,0,1,0
来说,1,1,1,0,0,1
来过,1,0,1,0,1,0
染,1,1,1,0,0,1
桃城,1,0,1,0,1,0
梦,1,1,1,0,0,1
顾虑,1,1,0,1,0,0
梦见,1,0,1,0,1,0
有没有,1,1,0,1,0,0
有梦想,1,1,0,1,0,0
注重,1,1,0,1,0,0
有时间,1,0,1,0,1,0
更冷,1,1,0,1,0,0
更加,1,1,0,1,0,0
?,1,1,1,0,0,1
更坏,1,1,0,1,0,0
?,1,0,1,0,1,0
更好,1,0,1,0,1,0
更好一点,1,1,1,0,0,1
更新,1,1,0,1,0,0
曾,1,0,1,0,1,0
?,1,1,1,0,0,1
?,1,0,1,0,1,0
?,1,0,1,0,1,0
?,1,0,1,0,1,0
?,1,0,1,0,1,0
?,1,1,1,0,0,1
最可爱,1,0,1,0,1,0
最后,1,1,1,0,0,1
最后一天,1,1,1,0,0,1
最大,1,0,1,0,1,0
龙凤胎,1,0,1,0,1,0
最终,1,1,1,0,0,1
黑暗,1,1,1,0,0,1
月色,1,0,1,0,1,0
有些人,1,0,1,0,1,0
黄泉,1,0,1,0,1,0
麻痹,1,1,1,0,0,1
有办法,1,1,1,0,0,1
鹿道森,1,0,1,0,1,0
鸡腿,1,0,1,0,1,0
梦里,1,1,1,0,0,1
检查结果,1,1,0,1,0,0
棉花糖,1,0,1,0,1,0
棉袄,1,0,1,0,1,0
每每,1,0,1,0,1,0
雪,1,1,1,0,0,1
难,1,1,0,1,0,0
比较,1,0,1,0,1,0
比较好,1,1,0,1,0,0
毕竟,1,0,1,0,1,0
氛围,1,1,1,0,0,1
隔着,1,0,1,0,1,0
永恒,1,0,1,0,1,0
隔,1,1,1,0,0,1
江,1,1,0,1,0,0
没了,1,1,0,1,0,0
没什么,1,1,0,1,0,0
没关系,1,0,1,0,1,0
没想到,1,0,1,0,1,0
没意思,1,1,1,0,0,1
陌生的人,1,1,0,1,0,0
陌生人,1,1,1,0,0,1
阿衍,1,0,1,0,1,0
阿弥陀佛,1,1,1,0,0,1
阶段,1,1,0,1,0,0
没用,1,1,0,1,0,0
阴天,1,1,1,0,0,1
没能力,1,0,1,0,1,0
河,1,1,1,0,0,1
治愈,1,1,1,0,0,1
法律,1,1,0,1,0,0
泡泡,1,0,1,0,1,0
波比,1,0,1,0,1,0
零食摊,1,0,1,0,1,0
每晚,1,1,0,1,0,0
灰,1,0,1,0,1,0
此时此刻,1,1,0,1,0,0
横生,1,1,1,0,0,1
樱花,1,0,1,0,1,0
次,1,1,0,1,0,0
面试,1,1,1,0,0,1
次数,1,1,0,1,0,0
欣慰,1,1,0,1,0,0
面红耳赤,1,1,0,1,0,0
面对,1,1,1,0,0,1
歌,1,1,1,0,0,1
面前,1,1,0,1,0,0
正常,1,1,0,1,0,0
正是因为,1,1,1,0,0,1
此,1,0,1,0,1,0
面临,1,1,1,0,0,1
露水,1,0,1,0,1,0
死去,1,1,1,0,0,1
死后,1,1,0,1,0,0
死掉,1,1,0,1,0,0
毅然决然,1,1,0,1,0,0
靠,1,0,1,0,1,0
非要,1,0,1,0,1,0
每一天,1,1,0,1,0,0
非常,1,0,1,0,1,0
静静,1,0,1,0,1,0
青禾,1,0,0,0,0,0
每个,1,1,1,0,0,1
青春,1,0,1,0,1,0
每个月,1,1,0,1,0,0
震撼,1,1,1,0,0,1
生理,1,1,1,0,0,1
炭火,1,1,0,1,0,0
路上,1,0,1,0,1,0
美妙,1,1,1,0,0,1
越来越少,1,0,1,0,1,0
美味,1,0,1,0,1,0
美到爆炸,1,0,1,0,1,0
跌倒,1,0,1,0,1,0
路,1,1,0,1,0,0
罪有应得,1,0,1,0,1,0
第一个,1,1,0,1,0,0
路人,1,0,1,0,1,0
罪恶,1,1,1,0,0,1
罢,1,1,1,0,0,1
缠着,1,0,1,0,1,0
编制,1,1,1,0,0,1
缓过来,1,1,1,0,0,1
羡慕,1,1,1,0,0,1
翻遍,1,0,1,0,1,0
越来越,1,1,0,1,0,0
老去,1,0,1,0,1,0
老鼠屎,1,1,0,1,0,0
超过12小时,1,0,1,0,1,0
考什么,1,1,0,1,0,0
考场,1,0,1,0,1,0
超生,1,0,1,0,1,0
超,1,1,1,0,0,1
起哄,1,1,0,1,0,0
而且,1,0,1,0,1,0
起,1,1,1,0,0,1
而又,1,1,0,1,0,0
而言,1,0,1,0,1,0
耳朵,1,0,1,0,1,0
聊天,1,0,1,0,1,0
路过,1,0,1,0,1,0
缓缓,1,0,1,0,1,0
绳之以法,1,1,0,1,0,0
糟心,1,0,1,0,1,0
辅导员,1,1,0,1,0,0
第几次,1,1,0,1,0,0
等到,1,0,1,0,1,0
暖和,1,1,0,1,0,0
等等,1,0,1,0,1,0
答案,1,1,1,0,0,1
轻松,1,1,0,1,0,0
算,1,1,1,0,0,1
软弱,1,0,1,0,1,0
转入,1,1,1,0,0,1
粉色,1,0,1,0,1,0
精神,1,1,1,0,0,1
精致,1,0,1,0,1,0
糖,1,0,1,0,1,0
素未谋面,1,0,1,0,1,0
继续做,1,0,1,0,1,0
转专业,1,1,1,0,0,1
累了,1,1,0,1,0,0
约,1,0,1,0,1,0
纯真,1,0,1,0,1,0
终将,1,1,1,0,0,1
经历了,1,1,1,0,0,1
身心健康,1,1,0,1,0,0
经过,1,1,0,1,0,0
踩,1,1,1,0,0,1
跳进,1,0,1,0,1,0
跳河,1,1,0,1,0,0
绝不能,1,0,1,0,1,0
跳楼,1,1,1,0,0,1
继续,1,0,1,0,1,0
聊完,1,1,1,0,0,1
肆意,1,0,1,0,1,0
肚子疼,1,1,0,1,0,0
见面,1,1,0,1,0,0
蛮大,1,1,1,0,0,1
血,1,1,0,1,0,0
行业,1,1,1,0,0,1
衣,1,0,1,0,1,0
衣服,1,0,1,0,1,0
衣角,1,0,1,0,1,0
袁隆平,1,0,1,0,1,0
谋面,1,1,0,1,0,0
被子,1,1,1,0,0,1
谋杀,1,1,0,1,0,0
装着,1,1,0,1,0,0
裙子,1,0,1,0,1,0
褪黑素,1,1,0,1,0,0
见过,1,0,1,0,1,0
读书,1,1,1,0,0,1
虎,1,0,1,0,1,0
解脱,1,1,1,0,0,1
言语,1,1,1,0,0,1
讨厌,1,1,1,0,0,1
让步,1,1,0,1,0,0
读,1,1,1,0,0,1
记错,1,0,1,0,1,0
评论区,1,0,1,0,1,0
诅咒,1,0,1,0,1,0
说过,1,1,1,0,0,1
诉说,1,0,1,0,1,0
试,1,1,1,0,0,1
话说,1,0,1,0,1,0
该有多好,1,1,0,1,0,0
该死,1,1,0,1,0,0
豆子,1,1,1,0,0,1
落日余晖,1,0,1,0,1,0
胆小,1,0,1,0,1,0
自我,1,1,1,0,0,1
胖,1,0,1,0,1,0
走远,1,0,1,0,1,0
走开,1,0,1,0,1,0
能否,1,1,0,1,0,0
能听到,1,0,1,0,1,0
走向光明,1,1,1,0,0,1
能看到,1,0,1,0,1,0
脑子,1,1,0,1,0,0
脚下,1,1,1,0,0,1
脾气,1,1,0,1,0,0
臣服,1,1,0,1,0,0
走上,1,0,1,0,1,0
自从,1,1,1,0,0,1
自在,1,0,1,0,1,0
赚钱,1,1,0,1,0,0
落井下石,1,1,1,0,0,1
自由,1,0,1,0,1,0
贫穷,1,0,1,0,1,0
良莠,1,1,0,1,0,0
负面,1,0,1,0,1,0
花苞,1,0,1,0,1,0
苟延残喘,1,0,1,0,1,0
负能量,1,1,0,1,0,0
苦,1,1,1,0,0,1
苦难,1,0,1,0,1,0
英语B级考试,1,1,1,0,0,1
苹果,1,0,1,0,1,0
茜茜,1,0,1,0,1,0
荒谬,1,0,1,0,1,0
获得,1,1,1,0,0,1
第一时间,1,1,1,0,0,1
笔试,1,1,1,0,0,1
炸裂,1,0,1,0,1,0
造谣,1,0,1,0,1,0
选好,1,1,1,0,0,1
通往,1,0,1,0,1,0
生不息,1,0,1,0,1,0
逛,1,0,1,0,1,0
甜食,1,0,1,0,1,0
甜甜,1,1,1,0,0,1
甜品,1,0,1,0,1,0
笑颜,1,0,1,0,1,0
甜,1,0,1,0,1,0
逼,1,1,0,1,0,0
理,1,0,1,0,1,0
班上,1,1,0,1,0,0
班,1,1,1,0,0,1
珍重,1,1,1,0,0,1
生涯,1,0,1,0,1,0
误解,1,0,1,0,1,0
选,1,1,1,0,0,1
生生不息,1,1,1,0,0,1
生老病死,1,1,1,0,0,1
用,1,1,1,0,0,1
逃脱,1,0,1,0,1,0
疯狂,1,1,0,1,0,0
疼,1,0,1,0,1,0
痕迹,1,1,1,0,0,1
痛,1,0,1,0,1,0
逃兵,1,1,0,1,0,0
白天,1,1,0,1,0,0
百态,1,0,1,0,1,0
适合,1,1,1,0,0,1
送给,1,1,1,0,0,1
的食物,1,0,1,0,1,0
遍,1,0,1,0,1,0
现,1,1,1,0,0,1
道歉,1,0,1,0,1,0
爬起来,1,0,1,0,1,0
那里,1,1,1,0,0,1
烤红薯,1,0,1,0,1,0
烧起,1,1,0,1,0,0
烫烫,1,0,1,0,1,0
热爱,1,0,1,0,1,0
那样的,1,0,1,0,1,0
热起来,1,1,1,0,0,1
那时候,1,0,1,0,1,0
照亮,1,0,1,0,1,0
那年,1,1,1,0,0,1
那头,1,0,1,0,1,0
熊猫,1,0,1,0,1,0
那天,1,1,1,0,0,1
熬一熬,1,1,1,0,0,1
那些人,1,1,0,1,0,0
玩耍,1,0,1,0,1,0
爱意,1,0,1,0,1,0
爱着,1,0,1,0,1,0
爷爷,1,0,1,0,1,0
爷爷记得,1,0,1,0,1,0
那一份,1,1,1,0,0,1
爸爸,1,0,1,0,1,0
特别好,1,0,1,0,1,0
特别棒,1,0,1,0,1,0
狗狗们,1,0,1,0,1,0
独生子女,1,1,0,1,0,0
独自,1,0,1,0,1,0
猫,1,0,1,0,1,0
王子,1,0,1,0,1,0
道歉   ,1,0,1,0,1,0
皆,1,0,1,0,1,0
皮肤分解,1,0,1,0,1,0
目标,1,1,0,1,0,0
神奇,1,1,1,0,0,1
着急,1,0,1,0,1,0
着想,1,1,1,0,0,1
还没,1,1,1,0,0,1
着魔,1,1,0,1,0,0
还好,1,0,1,0,1,0
睡不着,1,1,0,1,0,0
睡眠,1,1,0,1,0,0
睡饱,1,0,1,0,1,0
返程,1,0,1,0,1,0
瞬间,1,1,0,1,0,0
破碎,1,0,1,0,1,0
硬撑,1,1,0,1,0,0
磨损,1,0,1,0,1,0
近,1,0,1,0,1,0
运气,1,1,0,1,0,0
眼见,1,1,0,1,0,0
秉性,1,1,0,1,0,0
过程,1,1,1,0,0,1
过生日,1,1,0,1,0,0
种牙,1,1,0,1,0,0
稀里糊涂,1,1,0,1,0,0
过往,1,1,1,0,0,1
稳定,1,0,1,0,1,0
空虚,1,1,1,0,0,1
穿裙子把,1,1,1,0,0,1
过年,1,1,1,0,0,1
突然想到,1,1,1,0,0,1
窒息,1,0,1,0,1,0
笑呵呵,1,0,1,0,1,0
笑靥如花,1,0,1,0,1,0
着凉,1,0,1,0,1,0
眼睁睁,1,0,1,0,1,0
直至,1,0,1,0,1,0
看哭,1,1,1,0,0,1
迷路,1,1,0,1,0,0
迷茫,1,1,1,0,0,1
迫害,1,0,1,0,1,0
远,1,0,1,0,1,0
相处,1,1,0,1,0,0
进度,1,1,1,0,0,1
相应,1,0,1,0,1,0
相当,1,0,1,0,1,0
相爱,1,1,1,0,0,1
这时候,1,0,1,0,1,0
这周,1,1,1,0,0,1
省,1,1,0,1,0,0
看不起,1,1,1,0,0,1
这些,1,1,1,0,0,1
这事儿,1,1,1,0,0,1
真相,1,0,1,0,1,0
看好,1,1,1,0,0,1
这个月,1,1,0,1,0,0
这个地方,1,1,1,0,0,1
看见,1,0,1,0,1,0
真好,1,0,1,0,1,0
真实  ,1,0,1,0,1,0
真快,1,1,0,1,0,0
真想,1,0,1,0,1,0
真是,1,1,0,1,0,0
真正,1,1,1,0,0,1
这一年,1,1,1,0,0,1
真的可以,1,1,0,1,0,0
这一天,1,0,1,0,1,0
还要,1,1,1,0,0,1
等着,1,0,1,0,1,0
恶魔,1,0,1,0,1,0
暂时,1,0,1,0,1,0
冰激凌,1,0,1,0,1,0
冷漠,1,1,1,0,0,1
冷天,1,0,1,0,1,0
冷吗,1,0,1,0,1,0
决心,1,1,0,1,0,0
决定,1,1,0,1,0,0
冲淡,1,0,1,0,1,0
冲,1,0,1,0,1,0
冰西瓜,1,1,0,1,0,0
冰淇淋,1,0,1,0,1,0
前,1,0,1,0,1,0
冬至,1,1,1,0,0,1
冬日,1,0,1,0,1,0
再见,1,0,1,0,1,0
再考,1,1,0,1,0,0
再有,1,0,1,0,1,0
再也不,1,1,0,1,0,0
内心,1,1,1,0,0,1
养,1,0,1,0,1,0
冷门,1,1,0,1,0,0
冻,1,1,0,1,0,0
准,1,1,1,0,0,1
准备,1,1,1,0,0,1
别让,1,0,1,0,1,0
别怕,1,0,1,0,1,0
初试,1,1,0,1,0,0
初二,1,1,1,0,0,1
初,1,1,0,1,0,0
刚刚好,1,1,0,1,0,0
刘亦菲,1,0,1,0,1,0
分数,1,1,1,0,0,1
分手,1,1,1,0,0,1
分开,1,1,1,0,0,1
刀片,1,1,0,1,0,0
出了问题,1,1,0,1,0,0
出,1,1,0,1,0,0
凭,1,1,1,0,0,1
几年,1,1,0,1,0,0
减少,1,0,1,0,1,0
准备好,1,1,1,0,0,1
关闭,1,1,0,1,0,0
关门,1,0,1,0,1,0
关爱,1,1,1,0,0,1
倒计时,1,1,1,0,0,1
俭,1,1,0,1,0,0
信心,1,1,0,1,0,0
保险,1,1,0,1,0,0
保暖,1,1,1,0,0,1
保护,1,0,1,0,1,0
便利店,1,0,1,0,1,0
依旧,1,0,1,0,1,0
依偎,1,0,1,0,1,0
你自己,1,0,1,0,1,0
你死我活,1,1,0,1,0,0
作业,1,0,1,0,1,0
何止,1,1,0,1,0,0
何尝,1,1,0,1,0,0
体液,1,1,0,1,0,0
体力,1,1,0,1,0,0
体会到,1,0,1,0,1,0
体会,1,0,1,0,1,0
倒大霉烦躁,1,1,1,0,0,1
值得,1,0,1,0,1,0
关心,1,0,1,0,1,0
倾诉,1,0,1,0,1,0
公道,1,0,1,0,1,0
公平,1,1,1,0,0,1
全身发冷,1,1,1,0,0,1
入学,1,1,0,1,0,0
入口,1,0,1,0,1,0
入,1,1,0,1,0,0
光阴,1,0,1,0,1,0
先,1,1,0,1,0,0
儿童节,1,0,1,0,1,0
儿童,1,0,1,0,1,0
傻,1,0,1,0,1,0
停留,1,1,0,1,0,0
停滞,1,1,0,1,0,0
做榜样  ,1,0,1,0,1,0
做什么,1,0,1,0,1,0
做些什么,1,0,1,0,1,0
偏见,1,0,1,0,1,0
刺眼,1,1,0,1,0,0
前天,1,0,1,0,1,0
晚霞,1,0,1,0,1,0
口,1,1,0,1,0,0
吃多,1,1,0,1,0,0
可爱的人,1,0,1,0,1,0
可怜,1,1,0,1,0,0
可以做,1,0,1,0,1,0
只要,1,0,1,0,1,0
只能,1,1,1,0,0,1
只有,1,1,0,1,0,0
另一份,1,1,0,1,0,0
变态,1,0,1,0,1,0
前进,1,0,1,0,1,0
变坏,1,1,0,1,0,0
受罚,1,1,0,1,0,0
受委屈,1,0,1,0,1,0
受够了,1,1,1,0,0,1
取暖,1,1,0,1,0,0
发现,1,0,0,0,0,0
发牢骚,1,1,0,1,0,0
发泄,1,1,0,1,0,0
吃药,1,1,1,0,0,1
吃饭,1,0,1,0,1,0
各种,1,1,0,1,0,0
同,1,1,1,0,0,1
哎,1,1,0,1,0,0
哈喽,1,1,1,0,0,1
咱们,1,0,1,0,1,0
咬牙,1,0,1,0,1,0
周围,1,1,0,1,0,0
呗,1,1,0,1,0,0
呆下去,1,1,1,0,0,1
吹蜡烛,1,1,1,0,0,1
吹拂,1,0,1,0,1,0
吸,1,1,0,1,0,0
向往,1,1,0,1,0,0
向上,1,0,1,0,1,0
后来,1,1,0,1,0,0
后天,1,0,1,0,1,0
同龄人,1,0,1,0,1,0
同龄,1,0,1,0,1,0
同学  ,1,0,1,0,1,0
发声,1,0,1,0,1,0
发信息,1,1,1,0,0,1
反驳,1,0,1,0,1,0
华师大,1,0,1,0,1,0
半个月,1,1,0,1,0,0
升入,1,0,1,0,1,0
十月,1,0,1,0,1,0
十字路口,1,0,1,0,1,0
十天,1,1,0,1,0,0
十二月,1,1,0,1,0,0
十之八九,1,0,1,0,1,0
十七,1,1,0,1,0,0
区别,1,1,0,1,0,0
北,1,1,1,0,0,1
勉强,1,1,1,0,0,1
动态,1,1,1,0,0,1
动,1,0,1,0,1,0
劝,1,1,0,1,0,0
力量,1,1,1,0,0,1
力不从心,1,1,1,0,0,1
剧本,1,1,1,0,0,1
半夜,1,1,1,0,0,1
单单,1,0,1,0,1,0
反正,1,0,1,0,1,0
南,1,1,1,0,0,1
又有,1,1,0,1,0,0
去往,1,0,1,0,1,0
去年,1,1,0,1,0,0
去天堂,1,0,1,0,1,0
原谅,1,1,1,0,0,1
原本,1,1,0,1,0,0
原因,1,1,0,1,0,0
原,1,0,1,0,1,0
压迫,1,1,1,0,0,1
压抑,1,1,1,0,0,1
压不住,1,1,0,1,0,0
压,1,1,0,1,0,0
卸载,1,1,1,0,0,1
卸下,1,0,1,0,1,0
即使,1,1,1,0,0,1
卫衣,1,1,0,1,0,0
博,1,0,1,0,1,0
住院,1,1,0,1,0,0
估计,1,0,1,0,1,0
伪装,1,1,0,1,0,0
一点,1,1,1,0,0,1
一跃而下,1,1,0,1,0,0
一般,1,1,1,0,0,1
一种,1,0,1,0,1,0
一瞬,1,0,1,0,1,0
一眼,1,0,1,0,1,0
一看,1,0,1,0,1,0
一百天,1,1,1,0,0,1
一点也不,1,1,1,0,0,1
一步步把,1,0,1,0,1,0
伤心,1,1,1,0,0,1
一次又一次,1,1,1,0,0,1
一模考试,1,1,1,0,0,1
一模,1,1,1,0,0,1
一架,1,0,1,0,1,0
一所,1,0,1,0,1,0
一度,1,1,1,0,0,1
一届,1,0,1,0,1,0
一对,1,0,1,0,1,0
一颗,1,0,1,0,1,0
七号,1,0,1,0,1,0
万事,1,0,1,0,1,0
万物,1,0,1,0,1,0
不公平,1,1,1,0,0,1
不信,1,1,1,0,0,1
不住,1,1,1,0,0,1
不上,1,1,1,0,0,1
下车,1,0,1,0,1,0
下午,1,0,1,0,1,0
下一次,1,1,1,0,0,1
下一世,1,0,1,0,1,0
下,1,1,1,0,0,1
上进,1,0,1,0,1,0
上辈子,1,0,1,0,1,0
上班,1,1,0,1,0,0
上来,1,0,1,0,1,0
上天,1,1,1,0,0,1
三维空间,1,0,1,0,1,0
三月份,1,1,1,0,0,1
三年后,1,1,1,0,0,1
一定能够,1,1,1,0,0,1
一定能,1,0,1,0,1,0
一场,1,1,1,0,0,1
qv,1,0,0,0,0,0
jk,1,0,1,0,1,0
cjy,1,0,1,0,1,0
c+1,1,1,0,1,0,0
B站,1,0,0,0,0,0
6月,1,0,1,0,1,0
5.55556E+12,1,1,0,1,0,0
40天,1,1,1,0,0,1
22,1,1,0,1,0,0
21,1,1,0,1,0,0
2021,1,0,1,0,1,0
2020年11月20日,1,0,1,0,1,0
2020,1,1,1,0,0,1
20,1,1,0,1,0,0
120多天,1,1,0,1,0,0
12.26,1,1,0,1,0,0
11.2,1,1,0,1,0,0
10月,1,0,1,0,1,0
qq,1,0,0,0,0,0
u,1,1,1,0,0,1
一圈,1,0,1,0,1,0
zzz,1,0,1,0,1,0
一名,1,0,1,0,1,0
一只,1,0,1,0,1,0
一口气,1,1,0,1,0,0
一会,1,1,1,0,0,1
一份,1,0,1,0,1,0
一件,1,0,1,0,1,0
一个小时,1,0,1,0,1,0
一个人,1,0,1,0,1,0
一丝,1,0,1,0,1,0
一丁点儿,1,1,1,0,0,1
c,1,1,1,0,0,1
】,1,0,1,0,1,0
【,1,0,1,0,1,0
」,1,1,1,0,0,1
?,1,0,1,0,1,0
?,1,1,1,0,0,1
?,1,1,1,0,0,1
不到,1,1,1,0,0,1
不后悔,1,0,1,0,1,0
不哭,1,0,1,0,1,0
亲自,1,0,1,0,1,0
亭亭玉立,1,0,1,0,1,0
产生,1,1,0,1,0,0
交给,1,0,1,0,1,0
交杂,1,0,1,0,1,0
交到,1,1,0,1,0,0
云,1,0,1,0,1,0
争,1,1,0,1,0,0
了  ,1,0,1,0,1,0
乱七八糟,1,1,0,1,0,0
买,1,0,1,0,1,0
也许,1,1,1,0,0,1
乖,1,1,1,0,0,1
乌云,1,0,1,0,1,0
之后,1,1,1,0,0,1
之前,1,1,1,0,0,1
临近,1,1,1,0,0,1
中考,1,1,1,0,0,1
亲吻,1,0,1,0,1,0
人人,1,1,0,1,0,0
中学,1,0,1,0,1,0
人类,1,1,1,0,0,1
会好,1,1,1,0,0,1
会员,1,1,1,0,0,1
会不会,1,1,1,0,0,1
优秀,1,0,1,0,1,0
休说,1,0,1,0,1,0
休学,1,1,1,0,0,1
仿佛,1,0,1,0,1,0
任何人,1,1,1,0,0,1
任何,1,0,1,0,1,0
以为,1,1,0,1,0,0
代替,1,0,1,0,1,0
仙人,1,1,1,0,0,1
付出代价,1,0,1,0,1,0
仔细,1,1,0,1,0,0
从事,1,1,1,0,0,1
仅仅,1,0,1,0,1,0
什么时候,1,1,0,1,0,0
中秋节,1,1,1,0,0,1
中午,1,1,1,0,0,1
不在,1,0,1,0,1,0
不用,1,0,1,0,1,0
不然,1,1,0,1,0,0
不清楚,1,1,0,1,0,0
不敢说,1,1,0,1,0,0
不敢死,1,1,1,0,0,1
不成正比,1,1,1,0,0,1
不息,1,0,1,0,1,0
不怕,1,0,1,0,1,0
不忘记,1,1,0,1,0,0
不忍,1,1,1,0,0,1
不得,1,0,1,0,1,0
不尽,1,0,1,0,1,0
不孝,1,1,0,1,0,0
不妨,1,0,1,0,1,0
不如意,1,0,1,0,1,0
不太好,1,0,1,0,1,0
不太,1,0,1,0,1,0
不多不少,1,1,0,1,0,0
不甘心,1,1,1,0,0,1
不算,1,0,1,0,1,0
丧气话,1,1,1,0,0,1
不管,1,0,1,0,1,0
丧气,1,0,1,0,1,0
丧,1,1,1,0,0,1
严重,1,1,1,0,0,1
两年,1,0,1,0,1,0
两岁,1,0,1,0,1,0
两天,1,1,1,0,0,1
两句,1,0,1,0,1,0
两个半钟头,1,1,1,0,0,1
两个,1,0,1,0,1,0
世事无常,1,1,0,1,0,0
丑恶,1,1,1,0,0,1
与否,1,0,1,0,1,0
不适合,1,1,1,0,0,1
不说话,1,0,1,0,1,0
不论,1,0,1,0,1,0
不让,1,0,1,0,1,0
不要让,1,0,1,0,1,0
哥哥   ,1,0,1,0,1,0
哪,1,1,0,1,0,0
哪一天,1,1,1,0,0,1
   ,1,0,1,0,1,0
想说,1,1,1,0,0,1
想念,1,0,1,0,1,0
想不开,1,1,1,0,0,1
想不出来,1,0,1,0,1,0
情况,1,1,1,0,0,1
情人节,1,0,1,0,1,0
悲哀,1,0,1,0,1,0
您,1,0,1,0,1,0
恶毒,1,0,1,0,1,0
彼岸,1,0,1,0,1,0
恶嘴无德,1,1,1,0,0,1
恶人,1,0,1,0,1,0
恰恰,1,0,1,0,1,0
恐惧,1,1,1,0,0,1
恋爱,1,1,0,1,0,0
总要,1,0,1,0,1,0
总会,1,1,1,0,0,1
怎样,1,1,0,1,0,0
想起,1,0,1,0,1,0
想起来,1,1,1,0,0,1
想过,1,1,1,0,0,1
感受到,1,0,1,0,1,0
或许,1,0,1,0,1,0
我自己,1,1,0,1,0,0
我来了,1,1,0,1,0,0
我们俩,1,0,1,0,1,0
成绩,1,1,0,1,0,0
成真,1,1,0,1,0,0
成百上千,1,0,1,0,1,0
成,1,1,1,0,0,1
懵懂,1,0,1,0,1,0
憧憬,1,0,1,0,1,0
憋死,1,1,0,1,0,0
慢慢,1,1,1,0,0,1
愿意,1,1,0,1,0,0
愧疚,1,1,0,1,0,0
愤怒,1,0,1,0,1,0
感觉到,1,1,0,1,0,0
感受力,1,1,0,1,0,0
怎么认识,1,0,1,0,1,0
怎么回事,1,1,1,0,0,1
怎么办,1,1,1,0,0,1
徒,1,1,1,0,0,1
很近,1,1,1,0,0,1
很棒,1,1,1,0,0,1
很有,1,1,0,1,0,0
很想,1,0,1,0,1,0
很快,1,0,1,0,1,0
很忙,1,1,1,0,0,1
很多次,1,0,0,0,0,0
很多很多,1,0,1,0,1,0
很多事,1,1,0,1,0,0
很可爱,1,0,1,0,1,0
很冷,1,0,1,0,1,0
很像,1,1,0,1,0,0
很久,1,1,1,0,0,1
很丧,1,1,1,0,0,1
待,1,1,1,0,0,1
往昔,1,0,1,0,1,0
往前,1,0,1,0,1,0
很难,1,0,1,0,1,0
得住,1,1,0,1,0,0
怀里,1,0,1,0,1,0
得知,1,1,1,0,0,1
念叨,1,0,1,0,1,0
快快,1,1,0,1,0,0
忙碌,1,1,0,1,0,0
忘不掉,1,0,1,0,1,0
忘不了,1,1,1,0,0,1
忍不住,1,0,1,0,1,0
忍,1,1,1,0,0,1
心路历程,1,1,1,0,0,1
心路,1,0,1,0,1,0
心理咨询,1,1,1,0,0,1
心想事成,1,1,1,0,0,1
心想,1,1,0,1,0,0
心情,1,0,1,0,1,0
心存,1,1,1,0,0,1
微笑,1,0,1,0,1,0
微博注销,1,0,0,0,0,0
微博大号,1,1,0,1,0,0
手,1,0,1,0,1,0
手腕,1,1,0,1,0,0
才知道,1,1,1,0,0,1
无缘无故,1,1,1,0,0,1
无数个,1,1,1,0,0,1
无奈,1,1,1,0,0,1
无力感,1,0,1,0,1,0
旋转,1,0,1,0,1,0
旅途,1,0,1,0,1,0
方向,1,0,1,0,1,0
文笔,1,0,1,0,1,0
敬畏,1,1,0,1,0,0
教育,1,1,1,0,0,1
教师资格证考试,1,1,1,0,0,1
教,1,1,0,1,0,0
救救,1,0,1,0,1,0
故事,1,0,1,0,1,0
政治,1,0,1,0,1,0
放心,1,0,1,0,1,0
放学,1,1,1,0,0,1
放在,1,0,1,0,1,0
无穷无尽,1,0,1,0,1,0
无耐委屈,1,1,1,0,0,1
改变,1,1,1,0,0,1
无能为力,1,1,0,1,0,0
是什么时候,1,1,1,0,0,1
春节,1,0,1,0,1,0
春考,1,1,0,1,0,0
春天,1,0,1,0,1,0
春分,1,1,0,1,0,0
明灯,1,0,1,0,1,0
明晚,1,1,1,0,0,1
明年夏天,1,0,1,0,1,0
时刻,1,1,1,0,0,1
时之彼端,1,0,1,0,1,0
早睡,1,1,0,1,0,0
早上好,1,0,1,0,1,0
早一点,1,0,1,0,1,0
早,1,0,1,0,1,0
日出日落,1,0,1,0,1,0
日出,1,0,1,0,1,0
日,1,1,0,1,0,0
攻击,1,1,0,1,0,0
操蛋,1,1,0,1,0,0
才行,1,1,0,1,0,0
担子,1,1,0,1,0,0
抱抱抱抱,1,0,1,0,1,0
报考,1,1,1,0,0,1
报以,1,0,1,0,1,0
护着,1,0,1,0,1,0
抛弃,1,1,0,1,0,0
投身,1,1,0,1,0,0
投胎,1,0,1,0,1,0
抓紧,1,0,1,0,1,0
找到,1,1,0,1,0,0
扣掉,1,1,0,1,0,0
托,1,0,1,0,1,0
打电话,1,1,0,1,0,0
打招呼,1,0,1,0,1,0
打扮,1,1,1,0,0,1
打完,1,1,0,1,0,0
打击,1,1,1,0,0,1
扒,1,1,1,0,0,1
抹去,1,1,1,0,0,1
拍拍,1,0,1,0,1,0
撒旦,1,1,1,0,0,1
拜拜,1,0,1,0,1,0
撒娇,1,0,1,0,1,0
摸摸,1,1,1,0,0,1
摆脱,1,0,1,0,1,0
提早,1,1,0,1,0,0
提升,1,1,1,0,0,1
掩盖,1,1,1,0,0,1
推向,1,0,1,0,1,0
控制不住,1,0,1,0,1,0
接接,1,0,1,0,1,0
捣蛋,1,0,1,0,1,0
捏,1,0,1,0,1,0
挺好,1,1,1,0,0,1
指责,1,1,1,0,0,1
指指点点就是要,1,1,1,0,0,1
拿到,1,1,0,1,0,0
拥有,1,0,1,0,1,0
拥抱,1,1,0,1,0,0
往下,1,1,1,0,0,1
形容,1,0,1,0,1,0
哪天,1,0,1,0,1,0
大专,1,1,1,0,0,1
天天,1,1,0,1,0,0
天冷,1,0,1,0,1,0
天下有情人终成眷属,1,0,1,0,1,0
天下,1,0,1,0,1,0
大颗,1,1,1,0,0,1
大四,1,1,0,1,0,0
大叔,1,0,1,0,1,0
大二,1,0,1,0,1,0
大一新生,1,1,0,1,0,0
当时,1,1,1,0,0,1
大一届,1,1,1,0,0,1
大一,1,1,1,0,0,1
多一点,1,1,0,1,0,0
外婆,1,1,0,1,0,0
外在,1,0,1,0,1,0
复读,1,1,1,0,0,1
复杂,1,0,1,0,1,0
声,1,0,1,0,1,0
太苦,1,0,1,0,1,0
太行,1,1,0,1,0,0
太难,1,1,1,0,0,1
失利,1,1,1,0,0,1
好多好多,1,0,1,0,1,0
好多天,1,1,1,0,0,1
好多人,1,0,0,0,0,0
好多,1,0,1,0,1,0
好光景,1,0,1,0,1,0
好久不见,1,0,1,0,1,0
好一点,1,1,1,0,0,1
奶茶,1,0,1,0,1,0
套,1,1,0,1,0,0
奔赴,1,0,1,0,1,0
奋斗,1,1,0,1,0,0
奇奇怪怪,1,0,1,0,1,0
头发,1,1,1,0,0,1
头像  ,1,0,1,0,1,0
失调,1,1,1,0,0,1
失眠,1,1,1,0,0,1
失望,1,1,0,1,0,0
增加,1,1,1,0,0,1
填满,1,1,0,1,0,0
塔罗,1,1,0,1,0,0
回望,1,0,1,0,1,0
回想,1,1,0,1,0,0
回忆,1,1,1,0,0,1
回家,1,1,1,0,0,1
回去,1,1,0,1,0,0
回到,1,0,1,0,1,0
四级,1,1,1,0,0,1
嘴边,1,1,0,1,0,0
嗷,1,0,1,0,1,0
嗨,1,1,1,0,0,1
喝,1,0,1,0,1,0
喜不,1,0,1,0,1,0
善待,1,1,0,1,0,0
啵啵,1,1,1,0,0,1
唯分数论,1,1,1,0,0,1
哭泣着,1,1,0,1,0,0
哭不出来,1,1,0,1,0,0
哪里,1,1,0,1,0,0
回报,1,1,1,0,0,1
回来,1,1,1,0,0,1
坠楼,1,1,1,0,0,1
回来了,1,1,1,0,0,1
坚定,1,1,0,1,0,0
坐地铁,1,0,1,0,1,0
坏人,1,1,0,1,0,0
地点,1,0,1,0,1,0
在这里,1,1,0,1,0,0
在意,1,1,0,1,0,0
在哪,1,1,0,1,0,0
在世,1,1,1,0,0,1
在一起,1,0,1,0,1,0
圣诞夜,1,1,1,0,0,1
图片评论,1,0,0,0,0,0
图,1,1,1,0,0,1
国庆,1,0,1,0,1,0
因素,1,0,1,0,1,0
因此,1,1,0,1,0,0
因,1,1,1,0,0,1
回答,1,0,1,0,1,0
好心人,1,0,1,0,1,0
好快,1,1,0,1,0,0
好成绩,1,1,0,1,0,0
平安,1,0,1,0,1,0
帮助,1,1,1,0,0,1
师范,1,1,1,0,0,1
差点,1,1,0,1,0,0
巡演,1,1,1,0,0,1
崽崽,1,0,1,0,1,0
崩溃,1,1,1,0,0,1
岗位,1,1,0,1,0,0
岁数,1,0,1,0,1,0
展开,1,0,1,0,1,0
届,1,1,1,0,0,1
就这样,1,1,1,0,0,1
就让,1,0,1,0,1,0
就能,1,1,1,0,0,1
就会,1,1,1,0,0,1
尝尝,1,1,1,0,0,1
尘世,1,0,1,0,1,0
少,1,1,0,1,0,0
常温,1,1,0,1,0,0
平安喜乐,1,0,1,0,1,0
小笨蛋,1,0,1,0,1,0
平安夜,1,0,1,0,1,0
当天晚上,1,1,0,1,0,0
当天,1,0,1,0,1,0
当初,1,1,1,0,0,1
当下,1,1,1,0,0,1
归来,1,1,1,0,0,1
强迫症,1,0,1,0,1,0
强行,1,1,0,1,0,0
引领,1,0,1,0,1,0
康复,1,1,0,1,0,0
应不应该,1,1,0,1,0,0
广州,1,1,1,0,0,1
幼稚,1,1,1,0,0,1
幸运,1,0,1,0,1,0
并不,1,1,1,0,0,1
年纪轻轻,1,1,1,0,0,1
年糕,1,0,1,0,1,0
年,1,0,1,0,1,0
小陈,1,0,1,0,1,0
小盆友,1,1,0,1,0,0
好歹,1,0,1,0,1,0
安慰,1,0,1,0,1,0
守着,1,0,1,0,1,0
守护,1,0,1,0,1,0
守,1,0,1,0,1,0
学期,1,1,0,1,0,0
学成,1,1,1,0,0,1
学历,1,1,1,0,0,1
学会,1,1,1,0,0,1
孤单,1,0,1,0,1,0
孟鑫彤,1,1,1,0,0,1
字字句句,1,0,1,0,1,0
子,1,0,1,0,1,0
嫉妒,1,0,1,0,1,0
娱乐,1,1,1,0,0,1
威胁,1,1,0,1,0,0
如愿,1,1,0,1,0,0
好近,1,0,1,0,1,0
好看,1,1,1,0,0,1
安,1,0,1,0,1,0
完全,1,1,1,0,0,1
小皮,1,0,1,0,1,0
完美,1,0,1,0,1,0
小熊,1,0,1,0,1,0
小时候,1,1,0,1,0,0
小姐姐,1,0,1,0,1,0
小傻瓜,1,0,1,0,1,0
小丫头,1,1,1,0,0,1
尊严,1,1,0,1,0,0
对方,1,1,1,0,0,1
寡淡,1,1,0,1,0,0
寒潮,1,1,0,1,0,0
家长,1,0,1,0,1,0
家里,1,1,0,1,0,0
家庭,1,0,1,0,1,0
家人,1,0,1,0,1,0
害,1,1,0,1,0,0
宠着,1,0,1,0,1,0
宝子,1,1,1,0,0,1
宝儿,1,1,1,0,0,1
?,1,1,0,1,0,0
 ,0,0,0,1,4,4
